=== T4 ===
VCD info: dumpfile cnn_full.vcd opened for output.

========================================
 T4 CNN FULL INFERENCE TEST
========================================
C2_OUTPUT f=0 r=0 c=0 value=0 hex=00000000
T4_TARGET_ROUTED: p1_addr=197 p1_routed=2015 (32'h000007df)
T4_REFERENCE_ADDR: p1_addr=196
T4_ACTIVE: Selective interconnect routing alteration between MaxPool1 and Conv2
C2_OUTPUT f=1 r=0 c=0 value=4979 hex=00001373
C2_OUTPUT f=2 r=0 c=0 value=0 hex=00000000
C2_OUTPUT f=3 r=0 c=0 value=87485 hex=000155bd
C2_OUTPUT f=4 r=0 c=0 value=88023 hex=000157d7
C2_OUTPUT f=5 r=0 c=0 value=0 hex=00000000
C2_OUTPUT f=6 r=0 c=0 value=152513 hex=000253c1
C2_OUTPUT f=7 r=0 c=0 value=63742 hex=0000f8fe
C2_OUTPUT f=8 r=0 c=0 value=113476 hex=0001bb44
C2_OUTPUT f=9 r=0 c=0 value=0 hex=00000000
C2_OUTPUT f=10 r=0 c=0 value=0 hex=00000000
C2_OUTPUT f=11 r=0 c=0 value=0 hex=00000000
C2_OUTPUT f=12 r=0 c=0 value=209023 hex=0003307f
C2_OUTPUT f=13 r=0 c=0 value=71203 hex=00011623
C2_OUTPUT f=14 r=0 c=0 value=47588 hex=0000b9e4
C2_OUTPUT f=15 r=0 c=0 value=193593 hex=0002f439
C2_OUTPUT f=0 r=0 c=1 value=35449 hex=00008a79
C2_OUTPUT f=1 r=0 c=1 value=36407 hex=00008e37
C2_OUTPUT f=2 r=0 c=1 value=0 hex=00000000
C2_OUTPUT f=3 r=0 c=1 value=192105 hex=0002ee69
C2_OUTPUT f=4 r=0 c=1 value=216150 hex=00034c56
C2_OUTPUT f=5 r=0 c=1 value=0 hex=00000000
C2_OUTPUT f=6 r=0 c=1 value=0 hex=00000000
C2_OUTPUT f=7 r=0 c=1 value=114772 hex=0001c054
C2_OUTPUT f=8 r=0 c=1 value=149845 hex=00024955
C2_OUTPUT f=9 r=0 c=1 value=21025 hex=00005221
C2_OUTPUT f=10 r=0 c=1 value=0 hex=00000000
C2_OUTPUT f=11 r=0 c=1 value=0 hex=00000000
C2_OUTPUT f=12 r=0 c=1 value=152093 hex=0002521d
C2_OUTPUT f=13 r=0 c=1 value=193059 hex=0002f223
C2_OUTPUT f=14 r=0 c=1 value=53468 hex=0000d0dc
C2_OUTPUT f=15 r=0 c=1 value=303310 hex=0004a0ce
C2_OUTPUT f=0 r=0 c=2 value=793 hex=00000319
C2_OUTPUT f=1 r=0 c=2 value=6311 hex=000018a7
C2_OUTPUT f=2 r=0 c=2 value=0 hex=00000000
C2_OUTPUT f=3 r=0 c=2 value=220377 hex=00035cd9
C2_OUTPUT f=4 r=0 c=2 value=182406 hex=0002c886
C2_OUTPUT f=5 r=0 c=2 value=0 hex=00000000
C2_OUTPUT f=6 r=0 c=2 value=0 hex=00000000
C2_OUTPUT f=7 r=0 c=2 value=93796 hex=00016e64
C2_OUTPUT f=8 r=0 c=2 value=132517 hex=000205a5
C2_OUTPUT f=9 r=0 c=2 value=19201 hex=00004b01
C2_OUTPUT f=10 r=0 c=2 value=0 hex=00000000
C2_OUTPUT f=11 r=0 c=2 value=0 hex=00000000
C2_OUTPUT f=12 r=0 c=2 value=93725 hex=00016e1d
C2_OUTPUT f=13 r=0 c=2 value=162051 hex=00027903
C2_OUTPUT f=14 r=0 c=2 value=72620 hex=00011bac
C2_OUTPUT f=15 r=0 c=2 value=298750 hex=00048efe
C2_OUTPUT f=0 r=0 c=3 value=793 hex=00000319
C2_OUTPUT f=1 r=0 c=3 value=6311 hex=000018a7
C2_OUTPUT f=2 r=0 c=3 value=0 hex=00000000
C2_OUTPUT f=3 r=0 c=3 value=220377 hex=00035cd9
C2_OUTPUT f=4 r=0 c=3 value=182406 hex=0002c886
C2_OUTPUT f=5 r=0 c=3 value=0 hex=00000000
C2_OUTPUT f=6 r=0 c=3 value=0 hex=00000000
C2_OUTPUT f=7 r=0 c=3 value=93796 hex=00016e64
C2_OUTPUT f=8 r=0 c=3 value=132517 hex=000205a5
C2_OUTPUT f=9 r=0 c=3 value=19201 hex=00004b01
C2_OUTPUT f=10 r=0 c=3 value=0 hex=00000000
C2_OUTPUT f=11 r=0 c=3 value=0 hex=00000000
C2_OUTPUT f=12 r=0 c=3 value=93725 hex=00016e1d
C2_OUTPUT f=13 r=0 c=3 value=162051 hex=00027903
C2_OUTPUT f=14 r=0 c=3 value=72620 hex=00011bac
C2_OUTPUT f=15 r=0 c=3 value=298750 hex=00048efe
C2_OUTPUT f=0 r=0 c=4 value=793 hex=00000319
C2_OUTPUT f=1 r=0 c=4 value=6311 hex=000018a7
C2_OUTPUT f=2 r=0 c=4 value=0 hex=00000000
C2_OUTPUT f=3 r=0 c=4 value=220377 hex=00035cd9
C2_OUTPUT f=4 r=0 c=4 value=182406 hex=0002c886
C2_OUTPUT f=5 r=0 c=4 value=0 hex=00000000
C2_OUTPUT f=6 r=0 c=4 value=0 hex=00000000
C2_OUTPUT f=7 r=0 c=4 value=93796 hex=00016e64
C2_OUTPUT f=8 r=0 c=4 value=132517 hex=000205a5
C2_OUTPUT f=9 r=0 c=4 value=19201 hex=00004b01
C2_OUTPUT f=10 r=0 c=4 value=0 hex=00000000
C2_OUTPUT f=11 r=0 c=4 value=0 hex=00000000
C2_OUTPUT f=12 r=0 c=4 value=93725 hex=00016e1d
C2_OUTPUT f=13 r=0 c=4 value=162051 hex=00027903
C2_OUTPUT f=14 r=0 c=4 value=72620 hex=00011bac
C2_OUTPUT f=15 r=0 c=4 value=298750 hex=00048efe
C2_OUTPUT f=0 r=0 c=5 value=793 hex=00000319
C2_OUTPUT f=1 r=0 c=5 value=6311 hex=000018a7
C2_OUTPUT f=2 r=0 c=5 value=0 hex=00000000
C2_OUTPUT f=3 r=0 c=5 value=220377 hex=00035cd9
C2_OUTPUT f=4 r=0 c=5 value=182406 hex=0002c886
C2_OUTPUT f=5 r=0 c=5 value=0 hex=00000000
C2_OUTPUT f=6 r=0 c=5 value=0 hex=00000000
C2_OUTPUT f=7 r=0 c=5 value=93796 hex=00016e64
C2_OUTPUT f=8 r=0 c=5 value=132517 hex=000205a5
C2_OUTPUT f=9 r=0 c=5 value=19201 hex=00004b01
C2_OUTPUT f=10 r=0 c=5 value=0 hex=00000000
C2_OUTPUT f=11 r=0 c=5 value=0 hex=00000000
C2_OUTPUT f=12 r=0 c=5 value=93725 hex=00016e1d
C2_OUTPUT f=13 r=0 c=5 value=162051 hex=00027903
C2_OUTPUT f=14 r=0 c=5 value=72620 hex=00011bac
C2_OUTPUT f=15 r=0 c=5 value=298750 hex=00048efe
C2_OUTPUT f=0 r=0 c=6 value=793 hex=00000319
C2_OUTPUT f=1 r=0 c=6 value=6311 hex=000018a7
C2_OUTPUT f=2 r=0 c=6 value=0 hex=00000000
C2_OUTPUT f=3 r=0 c=6 value=220377 hex=00035cd9
C2_OUTPUT f=4 r=0 c=6 value=182406 hex=0002c886
C2_OUTPUT f=5 r=0 c=6 value=0 hex=00000000
C2_OUTPUT f=6 r=0 c=6 value=0 hex=00000000
C2_OUTPUT f=7 r=0 c=6 value=93796 hex=00016e64
C2_OUTPUT f=8 r=0 c=6 value=132517 hex=000205a5
C2_OUTPUT f=9 r=0 c=6 value=19201 hex=00004b01
C2_OUTPUT f=10 r=0 c=6 value=0 hex=00000000
C2_OUTPUT f=11 r=0 c=6 value=0 hex=00000000
C2_OUTPUT f=12 r=0 c=6 value=93725 hex=00016e1d
C2_OUTPUT f=13 r=0 c=6 value=162051 hex=00027903
C2_OUTPUT f=14 r=0 c=6 value=72620 hex=00011bac
C2_OUTPUT f=15 r=0 c=6 value=298750 hex=00048efe
C2_OUTPUT f=0 r=0 c=7 value=793 hex=00000319
C2_OUTPUT f=1 r=0 c=7 value=6311 hex=000018a7
C2_OUTPUT f=2 r=0 c=7 value=0 hex=00000000
C2_OUTPUT f=3 r=0 c=7 value=220377 hex=00035cd9
C2_OUTPUT f=4 r=0 c=7 value=182406 hex=0002c886
C2_OUTPUT f=5 r=0 c=7 value=0 hex=00000000
C2_OUTPUT f=6 r=0 c=7 value=0 hex=00000000
C2_OUTPUT f=7 r=0 c=7 value=93796 hex=00016e64
C2_OUTPUT f=8 r=0 c=7 value=132517 hex=000205a5
C2_OUTPUT f=9 r=0 c=7 value=19201 hex=00004b01
C2_OUTPUT f=10 r=0 c=7 value=0 hex=00000000
C2_OUTPUT f=11 r=0 c=7 value=0 hex=00000000
C2_OUTPUT f=12 r=0 c=7 value=93725 hex=00016e1d
C2_OUTPUT f=13 r=0 c=7 value=162051 hex=00027903
C2_OUTPUT f=14 r=0 c=7 value=72620 hex=00011bac
C2_OUTPUT f=15 r=0 c=7 value=298750 hex=00048efe
C2_OUTPUT f=0 r=0 c=8 value=793 hex=00000319
C2_OUTPUT f=1 r=0 c=8 value=6311 hex=000018a7
C2_OUTPUT f=2 r=0 c=8 value=0 hex=00000000
C2_OUTPUT f=3 r=0 c=8 value=220377 hex=00035cd9
C2_OUTPUT f=4 r=0 c=8 value=182406 hex=0002c886
C2_OUTPUT f=5 r=0 c=8 value=0 hex=00000000
C2_OUTPUT f=6 r=0 c=8 value=0 hex=00000000
C2_OUTPUT f=7 r=0 c=8 value=93796 hex=00016e64
C2_OUTPUT f=8 r=0 c=8 value=132517 hex=000205a5
C2_OUTPUT f=9 r=0 c=8 value=19201 hex=00004b01
C2_OUTPUT f=10 r=0 c=8 value=0 hex=00000000
C2_OUTPUT f=11 r=0 c=8 value=0 hex=00000000
C2_OUTPUT f=12 r=0 c=8 value=93725 hex=00016e1d
C2_OUTPUT f=13 r=0 c=8 value=162051 hex=00027903
C2_OUTPUT f=14 r=0 c=8 value=72620 hex=00011bac
C2_OUTPUT f=15 r=0 c=8 value=298750 hex=00048efe
C2_OUTPUT f=0 r=0 c=9 value=793 hex=00000319
C2_OUTPUT f=1 r=0 c=9 value=6311 hex=000018a7
C2_OUTPUT f=2 r=0 c=9 value=0 hex=00000000
C2_OUTPUT f=3 r=0 c=9 value=220377 hex=00035cd9
C2_OUTPUT f=4 r=0 c=9 value=182406 hex=0002c886
C2_OUTPUT f=5 r=0 c=9 value=0 hex=00000000
C2_OUTPUT f=6 r=0 c=9 value=0 hex=00000000
C2_OUTPUT f=7 r=0 c=9 value=93796 hex=00016e64
C2_OUTPUT f=8 r=0 c=9 value=132517 hex=000205a5
C2_OUTPUT f=9 r=0 c=9 value=19201 hex=00004b01
C2_OUTPUT f=10 r=0 c=9 value=0 hex=00000000
C2_OUTPUT f=11 r=0 c=9 value=0 hex=00000000
C2_OUTPUT f=12 r=0 c=9 value=93725 hex=00016e1d
C2_OUTPUT f=13 r=0 c=9 value=162051 hex=00027903
C2_OUTPUT f=14 r=0 c=9 value=72620 hex=00011bac
C2_OUTPUT f=15 r=0 c=9 value=298750 hex=00048efe
C2_OUTPUT f=0 r=0 c=10 value=793 hex=00000319
C2_OUTPUT f=1 r=0 c=10 value=6311 hex=000018a7
C2_OUTPUT f=2 r=0 c=10 value=0 hex=00000000
C2_OUTPUT f=3 r=0 c=10 value=220377 hex=00035cd9
C2_OUTPUT f=4 r=0 c=10 value=182406 hex=0002c886
C2_OUTPUT f=5 r=0 c=10 value=0 hex=00000000
C2_OUTPUT f=6 r=0 c=10 value=0 hex=00000000
C2_OUTPUT f=7 r=0 c=10 value=93796 hex=00016e64
C2_OUTPUT f=8 r=0 c=10 value=132517 hex=000205a5
C2_OUTPUT f=9 r=0 c=10 value=19201 hex=00004b01
C2_OUTPUT f=10 r=0 c=10 value=0 hex=00000000
C2_OUTPUT f=11 r=0 c=10 value=0 hex=00000000
C2_OUTPUT f=12 r=0 c=10 value=93725 hex=00016e1d
C2_OUTPUT f=13 r=0 c=10 value=162051 hex=00027903
C2_OUTPUT f=14 r=0 c=10 value=72620 hex=00011bac
C2_OUTPUT f=15 r=0 c=10 value=298750 hex=00048efe
C2_OUTPUT f=0 r=0 c=11 value=793 hex=00000319
C2_OUTPUT f=1 r=0 c=11 value=6311 hex=000018a7
C2_OUTPUT f=2 r=0 c=11 value=0 hex=00000000
C2_OUTPUT f=3 r=0 c=11 value=220377 hex=00035cd9
C2_OUTPUT f=4 r=0 c=11 value=182406 hex=0002c886
C2_OUTPUT f=5 r=0 c=11 value=0 hex=00000000
C2_OUTPUT f=6 r=0 c=11 value=0 hex=00000000
C2_OUTPUT f=7 r=0 c=11 value=93796 hex=00016e64
C2_OUTPUT f=8 r=0 c=11 value=132517 hex=000205a5
C2_OUTPUT f=9 r=0 c=11 value=19201 hex=00004b01
C2_OUTPUT f=10 r=0 c=11 value=0 hex=00000000
C2_OUTPUT f=11 r=0 c=11 value=0 hex=00000000
C2_OUTPUT f=12 r=0 c=11 value=93725 hex=00016e1d
C2_OUTPUT f=13 r=0 c=11 value=162051 hex=00027903
C2_OUTPUT f=14 r=0 c=11 value=72620 hex=00011bac
C2_OUTPUT f=15 r=0 c=11 value=298750 hex=00048efe
C2_OUTPUT f=0 r=0 c=12 value=0 hex=00000000
C2_OUTPUT f=1 r=0 c=12 value=72865 hex=00011ca1
C2_OUTPUT f=2 r=0 c=12 value=0 hex=00000000
C2_OUTPUT f=3 r=0 c=12 value=109464 hex=0001ab98
C2_OUTPUT f=4 r=0 c=12 value=428996 hex=00068bc4
C2_OUTPUT f=5 r=0 c=12 value=0 hex=00000000
C2_OUTPUT f=6 r=0 c=12 value=348711 hex=00055227
C2_OUTPUT f=7 r=0 c=12 value=305152 hex=0004a800
C2_OUTPUT f=8 r=0 c=12 value=137225 hex=00021809
C2_OUTPUT f=9 r=0 c=12 value=38489 hex=00009659
C2_OUTPUT f=10 r=0 c=12 value=0 hex=00000000
C2_OUTPUT f=11 r=0 c=12 value=0 hex=00000000
C2_OUTPUT f=12 r=0 c=12 value=0 hex=00000000
C2_OUTPUT f=13 r=0 c=12 value=0 hex=00000000
C2_OUTPUT f=14 r=0 c=12 value=299124 hex=00049074
C2_OUTPUT f=15 r=0 c=12 value=291870 hex=0004741e
C2_OUTPUT f=0 r=0 c=13 value=18096 hex=000046b0
C2_OUTPUT f=1 r=0 c=13 value=177156 hex=0002b404
C2_OUTPUT f=2 r=0 c=13 value=0 hex=00000000
C2_OUTPUT f=3 r=0 c=13 value=0 hex=00000000
C2_OUTPUT f=4 r=0 c=13 value=153727 hex=0002587f
C2_OUTPUT f=5 r=0 c=13 value=603032 hex=00093398
C2_OUTPUT f=6 r=0 c=13 value=342512 hex=000539f0
C2_OUTPUT f=7 r=0 c=13 value=316801 hex=0004d581
C2_OUTPUT f=8 r=0 c=13 value=182786 hex=0002ca02
C2_OUTPUT f=9 r=0 c=13 value=0 hex=00000000
C2_OUTPUT f=10 r=0 c=13 value=0 hex=00000000
C2_OUTPUT f=11 r=0 c=13 value=0 hex=00000000
C2_OUTPUT f=12 r=0 c=13 value=0 hex=00000000
C2_OUTPUT f=13 r=0 c=13 value=0 hex=00000000
C2_OUTPUT f=14 r=0 c=13 value=0 hex=00000000
C2_OUTPUT f=15 r=0 c=13 value=669714 hex=000a3812
C2_OUTPUT f=0 r=1 c=0 value=0 hex=00000000
C2_OUTPUT f=1 r=1 c=0 value=52330 hex=0000cc6a
C2_OUTPUT f=2 r=1 c=0 value=0 hex=00000000
C2_OUTPUT f=3 r=1 c=0 value=45280 hex=0000b0e0
C2_OUTPUT f=4 r=1 c=0 value=84591 hex=00014a6f
C2_OUTPUT f=5 r=1 c=0 value=0 hex=00000000
C2_OUTPUT f=6 r=1 c=0 value=0 hex=00000000
C2_OUTPUT f=7 r=1 c=0 value=129116 hex=0001f85c
C2_OUTPUT f=8 r=1 c=0 value=40431 hex=00009def
C2_OUTPUT f=9 r=1 c=0 value=0 hex=00000000
C2_OUTPUT f=10 r=1 c=0 value=0 hex=00000000
C2_OUTPUT f=11 r=1 c=0 value=0 hex=00000000
C2_OUTPUT f=12 r=1 c=0 value=175015 hex=0002aba7
C2_OUTPUT f=13 r=1 c=0 value=14748 hex=0000399c
C2_OUTPUT f=14 r=1 c=0 value=0 hex=00000000
C2_OUTPUT f=15 r=1 c=0 value=166165 hex=00028915
C2_OUTPUT f=0 r=1 c=1 value=0 hex=00000000
C2_OUTPUT f=1 r=1 c=1 value=22956 hex=000059ac
C2_OUTPUT f=2 r=1 c=1 value=0 hex=00000000
C2_OUTPUT f=3 r=1 c=1 value=103599 hex=000194af
C2_OUTPUT f=4 r=1 c=1 value=171141 hex=00029c85
C2_OUTPUT f=5 r=1 c=1 value=0 hex=00000000
C2_OUTPUT f=6 r=1 c=1 value=0 hex=00000000
C2_OUTPUT f=7 r=1 c=1 value=127752 hex=0001f308
C2_OUTPUT f=8 r=1 c=1 value=111722 hex=0001b46a
C2_OUTPUT f=9 r=1 c=1 value=0 hex=00000000
C2_OUTPUT f=10 r=1 c=1 value=0 hex=00000000
C2_OUTPUT f=11 r=1 c=1 value=0 hex=00000000
C2_OUTPUT f=12 r=1 c=1 value=270037 hex=00041ed5
C2_OUTPUT f=13 r=1 c=1 value=0 hex=00000000
C2_OUTPUT f=14 r=1 c=1 value=0 hex=00000000
C2_OUTPUT f=15 r=1 c=1 value=191730 hex=0002ecf2
C2_OUTPUT f=0 r=1 c=2 value=0 hex=00000000
C2_OUTPUT f=1 r=1 c=2 value=22956 hex=000059ac
C2_OUTPUT f=2 r=1 c=2 value=0 hex=00000000
C2_OUTPUT f=3 r=1 c=2 value=83535 hex=0001464f
C2_OUTPUT f=4 r=1 c=2 value=156549 hex=00026385
C2_OUTPUT f=5 r=1 c=2 value=0 hex=00000000
C2_OUTPUT f=6 r=1 c=2 value=0 hex=00000000
C2_OUTPUT f=7 r=1 c=2 value=126840 hex=0001ef78
C2_OUTPUT f=8 r=1 c=2 value=75242 hex=000125ea
C2_OUTPUT f=9 r=1 c=2 value=0 hex=00000000
C2_OUTPUT f=10 r=1 c=2 value=0 hex=00000000
C2_OUTPUT f=11 r=1 c=2 value=0 hex=00000000
C2_OUTPUT f=12 r=1 c=2 value=213493 hex=000341f5
C2_OUTPUT f=13 r=1 c=2 value=0 hex=00000000
C2_OUTPUT f=14 r=1 c=2 value=0 hex=00000000
C2_OUTPUT f=15 r=1 c=2 value=178962 hex=0002bb12
C2_OUTPUT f=0 r=1 c=3 value=0 hex=00000000
C2_OUTPUT f=1 r=1 c=3 value=22956 hex=000059ac
C2_OUTPUT f=2 r=1 c=3 value=0 hex=00000000
C2_OUTPUT f=3 r=1 c=3 value=83535 hex=0001464f
C2_OUTPUT f=4 r=1 c=3 value=156549 hex=00026385
C2_OUTPUT f=5 r=1 c=3 value=0 hex=00000000
C2_OUTPUT f=6 r=1 c=3 value=0 hex=00000000
C2_OUTPUT f=7 r=1 c=3 value=126840 hex=0001ef78
C2_OUTPUT f=8 r=1 c=3 value=75242 hex=000125ea
C2_OUTPUT f=9 r=1 c=3 value=0 hex=00000000
C2_OUTPUT f=10 r=1 c=3 value=0 hex=00000000
C2_OUTPUT f=11 r=1 c=3 value=0 hex=00000000
C2_OUTPUT f=12 r=1 c=3 value=213493 hex=000341f5
C2_OUTPUT f=13 r=1 c=3 value=0 hex=00000000
C2_OUTPUT f=14 r=1 c=3 value=0 hex=00000000
C2_OUTPUT f=15 r=1 c=3 value=178962 hex=0002bb12
C2_OUTPUT f=0 r=1 c=4 value=0 hex=00000000
C2_OUTPUT f=1 r=1 c=4 value=22956 hex=000059ac
C2_OUTPUT f=2 r=1 c=4 value=0 hex=00000000
C2_OUTPUT f=3 r=1 c=4 value=83535 hex=0001464f
C2_OUTPUT f=4 r=1 c=4 value=156549 hex=00026385
C2_OUTPUT f=5 r=1 c=4 value=0 hex=00000000
C2_OUTPUT f=6 r=1 c=4 value=0 hex=00000000
C2_OUTPUT f=7 r=1 c=4 value=126840 hex=0001ef78
C2_OUTPUT f=8 r=1 c=4 value=75242 hex=000125ea
C2_OUTPUT f=9 r=1 c=4 value=0 hex=00000000
C2_OUTPUT f=10 r=1 c=4 value=0 hex=00000000
C2_OUTPUT f=11 r=1 c=4 value=0 hex=00000000
C2_OUTPUT f=12 r=1 c=4 value=213493 hex=000341f5
C2_OUTPUT f=13 r=1 c=4 value=0 hex=00000000
C2_OUTPUT f=14 r=1 c=4 value=0 hex=00000000
C2_OUTPUT f=15 r=1 c=4 value=178962 hex=0002bb12
C2_OUTPUT f=0 r=1 c=5 value=0 hex=00000000
C2_OUTPUT f=1 r=1 c=5 value=22956 hex=000059ac
C2_OUTPUT f=2 r=1 c=5 value=0 hex=00000000
C2_OUTPUT f=3 r=1 c=5 value=83535 hex=0001464f
C2_OUTPUT f=4 r=1 c=5 value=156549 hex=00026385
C2_OUTPUT f=5 r=1 c=5 value=0 hex=00000000
C2_OUTPUT f=6 r=1 c=5 value=0 hex=00000000
C2_OUTPUT f=7 r=1 c=5 value=126840 hex=0001ef78
C2_OUTPUT f=8 r=1 c=5 value=75242 hex=000125ea
C2_OUTPUT f=9 r=1 c=5 value=0 hex=00000000
C2_OUTPUT f=10 r=1 c=5 value=0 hex=00000000
C2_OUTPUT f=11 r=1 c=5 value=0 hex=00000000
C2_OUTPUT f=12 r=1 c=5 value=213493 hex=000341f5
C2_OUTPUT f=13 r=1 c=5 value=0 hex=00000000
C2_OUTPUT f=14 r=1 c=5 value=0 hex=00000000
C2_OUTPUT f=15 r=1 c=5 value=178962 hex=0002bb12
C2_OUTPUT f=0 r=1 c=6 value=0 hex=00000000
C2_OUTPUT f=1 r=1 c=6 value=22956 hex=000059ac
C2_OUTPUT f=2 r=1 c=6 value=0 hex=00000000
C2_OUTPUT f=3 r=1 c=6 value=83535 hex=0001464f
C2_OUTPUT f=4 r=1 c=6 value=156549 hex=00026385
C2_OUTPUT f=5 r=1 c=6 value=0 hex=00000000
C2_OUTPUT f=6 r=1 c=6 value=0 hex=00000000
C2_OUTPUT f=7 r=1 c=6 value=126840 hex=0001ef78
C2_OUTPUT f=8 r=1 c=6 value=75242 hex=000125ea
C2_OUTPUT f=9 r=1 c=6 value=0 hex=00000000
C2_OUTPUT f=10 r=1 c=6 value=0 hex=00000000
C2_OUTPUT f=11 r=1 c=6 value=0 hex=00000000
C2_OUTPUT f=12 r=1 c=6 value=213493 hex=000341f5
C2_OUTPUT f=13 r=1 c=6 value=0 hex=00000000
C2_OUTPUT f=14 r=1 c=6 value=0 hex=00000000
C2_OUTPUT f=15 r=1 c=6 value=178962 hex=0002bb12
C2_OUTPUT f=0 r=1 c=7 value=0 hex=00000000
C2_OUTPUT f=1 r=1 c=7 value=22956 hex=000059ac
C2_OUTPUT f=2 r=1 c=7 value=0 hex=00000000
C2_OUTPUT f=3 r=1 c=7 value=83535 hex=0001464f
C2_OUTPUT f=4 r=1 c=7 value=156549 hex=00026385
C2_OUTPUT f=5 r=1 c=7 value=0 hex=00000000
C2_OUTPUT f=6 r=1 c=7 value=0 hex=00000000
C2_OUTPUT f=7 r=1 c=7 value=126840 hex=0001ef78
C2_OUTPUT f=8 r=1 c=7 value=75242 hex=000125ea
C2_OUTPUT f=9 r=1 c=7 value=0 hex=00000000
C2_OUTPUT f=10 r=1 c=7 value=0 hex=00000000
C2_OUTPUT f=11 r=1 c=7 value=0 hex=00000000
C2_OUTPUT f=12 r=1 c=7 value=213493 hex=000341f5
C2_OUTPUT f=13 r=1 c=7 value=0 hex=00000000
C2_OUTPUT f=14 r=1 c=7 value=0 hex=00000000
C2_OUTPUT f=15 r=1 c=7 value=178962 hex=0002bb12
C2_OUTPUT f=0 r=1 c=8 value=0 hex=00000000
C2_OUTPUT f=1 r=1 c=8 value=22956 hex=000059ac
C2_OUTPUT f=2 r=1 c=8 value=0 hex=00000000
C2_OUTPUT f=3 r=1 c=8 value=83535 hex=0001464f
C2_OUTPUT f=4 r=1 c=8 value=156549 hex=00026385
C2_OUTPUT f=5 r=1 c=8 value=0 hex=00000000
C2_OUTPUT f=6 r=1 c=8 value=0 hex=00000000
C2_OUTPUT f=7 r=1 c=8 value=126840 hex=0001ef78
C2_OUTPUT f=8 r=1 c=8 value=75242 hex=000125ea
C2_OUTPUT f=9 r=1 c=8 value=0 hex=00000000
C2_OUTPUT f=10 r=1 c=8 value=0 hex=00000000
C2_OUTPUT f=11 r=1 c=8 value=0 hex=00000000
C2_OUTPUT f=12 r=1 c=8 value=213493 hex=000341f5
C2_OUTPUT f=13 r=1 c=8 value=0 hex=00000000
C2_OUTPUT f=14 r=1 c=8 value=0 hex=00000000
C2_OUTPUT f=15 r=1 c=8 value=178962 hex=0002bb12
C2_OUTPUT f=0 r=1 c=9 value=0 hex=00000000
C2_OUTPUT f=1 r=1 c=9 value=22956 hex=000059ac
C2_OUTPUT f=2 r=1 c=9 value=0 hex=00000000
C2_OUTPUT f=3 r=1 c=9 value=83535 hex=0001464f
C2_OUTPUT f=4 r=1 c=9 value=156549 hex=00026385
C2_OUTPUT f=5 r=1 c=9 value=0 hex=00000000
C2_OUTPUT f=6 r=1 c=9 value=0 hex=00000000
C2_OUTPUT f=7 r=1 c=9 value=126840 hex=0001ef78
C2_OUTPUT f=8 r=1 c=9 value=75242 hex=000125ea
C2_OUTPUT f=9 r=1 c=9 value=0 hex=00000000
C2_OUTPUT f=10 r=1 c=9 value=0 hex=00000000
C2_OUTPUT f=11 r=1 c=9 value=0 hex=00000000
C2_OUTPUT f=12 r=1 c=9 value=213493 hex=000341f5
C2_OUTPUT f=13 r=1 c=9 value=0 hex=00000000
C2_OUTPUT f=14 r=1 c=9 value=0 hex=00000000
C2_OUTPUT f=15 r=1 c=9 value=178962 hex=0002bb12
C2_OUTPUT f=0 r=1 c=10 value=0 hex=00000000
C2_OUTPUT f=1 r=1 c=10 value=22956 hex=000059ac
C2_OUTPUT f=2 r=1 c=10 value=0 hex=00000000
C2_OUTPUT f=3 r=1 c=10 value=83535 hex=0001464f
C2_OUTPUT f=4 r=1 c=10 value=156549 hex=00026385
C2_OUTPUT f=5 r=1 c=10 value=0 hex=00000000
C2_OUTPUT f=6 r=1 c=10 value=0 hex=00000000
C2_OUTPUT f=7 r=1 c=10 value=126840 hex=0001ef78
C2_OUTPUT f=8 r=1 c=10 value=75242 hex=000125ea
C2_OUTPUT f=9 r=1 c=10 value=0 hex=00000000
C2_OUTPUT f=10 r=1 c=10 value=0 hex=00000000
C2_OUTPUT f=11 r=1 c=10 value=0 hex=00000000
C2_OUTPUT f=12 r=1 c=10 value=213493 hex=000341f5
C2_OUTPUT f=13 r=1 c=10 value=0 hex=00000000
C2_OUTPUT f=14 r=1 c=10 value=0 hex=00000000
C2_OUTPUT f=15 r=1 c=10 value=178962 hex=0002bb12
C2_OUTPUT f=0 r=1 c=11 value=0 hex=00000000
C2_OUTPUT f=1 r=1 c=11 value=22956 hex=000059ac
C2_OUTPUT f=2 r=1 c=11 value=0 hex=00000000
C2_OUTPUT f=3 r=1 c=11 value=83535 hex=0001464f
C2_OUTPUT f=4 r=1 c=11 value=156549 hex=00026385
C2_OUTPUT f=5 r=1 c=11 value=0 hex=00000000
C2_OUTPUT f=6 r=1 c=11 value=0 hex=00000000
C2_OUTPUT f=7 r=1 c=11 value=126840 hex=0001ef78
C2_OUTPUT f=8 r=1 c=11 value=75242 hex=000125ea
C2_OUTPUT f=9 r=1 c=11 value=0 hex=00000000
C2_OUTPUT f=10 r=1 c=11 value=0 hex=00000000
C2_OUTPUT f=11 r=1 c=11 value=0 hex=00000000
C2_OUTPUT f=12 r=1 c=11 value=213493 hex=000341f5
C2_OUTPUT f=13 r=1 c=11 value=0 hex=00000000
C2_OUTPUT f=14 r=1 c=11 value=0 hex=00000000
C2_OUTPUT f=15 r=1 c=11 value=178962 hex=0002bb12
C2_OUTPUT f=0 r=1 c=12 value=0 hex=00000000
C2_OUTPUT f=1 r=1 c=12 value=109652 hex=0001ac54
C2_OUTPUT f=2 r=1 c=12 value=0 hex=00000000
C2_OUTPUT f=3 r=1 c=12 value=0 hex=00000000
C2_OUTPUT f=4 r=1 c=12 value=454827 hex=0006f0ab
C2_OUTPUT f=5 r=1 c=12 value=0 hex=00000000
C2_OUTPUT f=6 r=1 c=12 value=534939 hex=0008299b
C2_OUTPUT f=7 r=1 c=12 value=504900 hex=0007b444
C2_OUTPUT f=8 r=1 c=12 value=85533 hex=00014e1d
C2_OUTPUT f=9 r=1 c=12 value=0 hex=00000000
C2_OUTPUT f=10 r=1 c=12 value=0 hex=00000000
C2_OUTPUT f=11 r=1 c=12 value=0 hex=00000000
C2_OUTPUT f=12 r=1 c=12 value=0 hex=00000000
C2_OUTPUT f=13 r=1 c=12 value=0 hex=00000000
C2_OUTPUT f=14 r=1 c=12 value=40805 hex=00009f65
C2_OUTPUT f=15 r=1 c=12 value=24203 hex=00005e8b
C2_OUTPUT f=0 r=1 c=13 value=0 hex=00000000
C2_OUTPUT f=1 r=1 c=13 value=416902 hex=00065c86
C2_OUTPUT f=2 r=1 c=13 value=0 hex=00000000
C2_OUTPUT f=3 r=1 c=13 value=0 hex=00000000
C2_OUTPUT f=4 r=1 c=13 value=229479 hex=00038067
C2_OUTPUT f=5 r=1 c=13 value=443415 hex=0006c417
C2_OUTPUT f=6 r=1 c=13 value=604378 hex=000938da
C2_OUTPUT f=7 r=1 c=13 value=457303 hex=0006fa57
C2_OUTPUT f=8 r=1 c=13 value=0 hex=00000000
C2_OUTPUT f=9 r=1 c=13 value=0 hex=00000000
C2_OUTPUT f=10 r=1 c=13 value=0 hex=00000000
C2_OUTPUT f=11 r=1 c=13 value=0 hex=00000000
C2_OUTPUT f=12 r=1 c=13 value=0 hex=00000000
C2_OUTPUT f=13 r=1 c=13 value=0 hex=00000000
C2_OUTPUT f=14 r=1 c=13 value=0 hex=00000000
C2_OUTPUT f=15 r=1 c=13 value=768757 hex=000bbaf5
C2_OUTPUT f=0 r=2 c=0 value=5826 hex=000016c2
C2_OUTPUT f=1 r=2 c=0 value=4088 hex=00000ff8
C2_OUTPUT f=2 r=2 c=0 value=0 hex=00000000
C2_OUTPUT f=3 r=2 c=0 value=2731 hex=00000aab
C2_OUTPUT f=4 r=2 c=0 value=1050 hex=0000041a
C2_OUTPUT f=5 r=2 c=0 value=0 hex=00000000
C2_OUTPUT f=6 r=2 c=0 value=0 hex=00000000
C2_OUTPUT f=7 r=2 c=0 value=252 hex=000000fc
C2_OUTPUT f=8 r=2 c=0 value=541 hex=0000021d
C2_OUTPUT f=9 r=2 c=0 value=0 hex=00000000
C2_OUTPUT f=10 r=2 c=0 value=0 hex=00000000
C2_OUTPUT f=11 r=2 c=0 value=251 hex=000000fb
C2_OUTPUT f=12 r=2 c=0 value=7648 hex=00001de0
C2_OUTPUT f=13 r=2 c=0 value=6701 hex=00001a2d
C2_OUTPUT f=14 r=2 c=0 value=5906 hex=00001712
C2_OUTPUT f=15 r=2 c=0 value=2656 hex=00000a60
C2_OUTPUT f=0 r=2 c=1 value=719360 hex=000afa00
C2_OUTPUT f=1 r=2 c=1 value=166067 hex=000288b3
C2_OUTPUT f=2 r=2 c=1 value=0 hex=00000000
C2_OUTPUT f=3 r=2 c=1 value=0 hex=00000000
C2_OUTPUT f=4 r=2 c=1 value=744531 hex=000b5c53
C2_OUTPUT f=5 r=2 c=1 value=110937 hex=0001b159
C2_OUTPUT f=6 r=2 c=1 value=1030691 hex=000fba23
C2_OUTPUT f=7 r=2 c=1 value=0 hex=00000000
C2_OUTPUT f=8 r=2 c=1 value=0 hex=00000000
C2_OUTPUT f=9 r=2 c=1 value=39486 hex=00009a3e
C2_OUTPUT f=10 r=2 c=1 value=587958 hex=0008f8b6
C2_OUTPUT f=11 r=2 c=1 value=0 hex=00000000
C2_OUTPUT f=12 r=2 c=1 value=185398 hex=0002d436
C2_OUTPUT f=13 r=2 c=1 value=131112 hex=00020028
C2_OUTPUT f=14 r=2 c=1 value=682382 hex=000a698e
C2_OUTPUT f=15 r=2 c=1 value=772426 hex=000bc94a
C2_OUTPUT f=0 r=2 c=2 value=1984568 hex=001e4838
C2_OUTPUT f=1 r=2 c=2 value=1036628 hex=000fd154
C2_OUTPUT f=2 r=2 c=2 value=0 hex=00000000
C2_OUTPUT f=3 r=2 c=2 value=0 hex=00000000
C2_OUTPUT f=4 r=2 c=2 value=203305 hex=00031a29
C2_OUTPUT f=5 r=2 c=2 value=476300 hex=0007448c
C2_OUTPUT f=6 r=2 c=2 value=3753358 hex=0039458e
C2_OUTPUT f=7 r=2 c=2 value=0 hex=00000000
C2_OUTPUT f=8 r=2 c=2 value=526912 hex=00080a40
C2_OUTPUT f=9 r=2 c=2 value=1231783 hex=0012cba7
C2_OUTPUT f=10 r=2 c=2 value=0 hex=00000000
C2_OUTPUT f=11 r=2 c=2 value=0 hex=00000000
C2_OUTPUT f=12 r=2 c=2 value=2012646 hex=001eb5e6
C2_OUTPUT f=13 r=2 c=2 value=713910 hex=000ae4b6
C2_OUTPUT f=14 r=2 c=2 value=835969 hex=000cc181
C2_OUTPUT f=15 r=2 c=2 value=1847315 hex=001c3013
C2_OUTPUT f=0 r=2 c=3 value=1478191 hex=00168e2f
C2_OUTPUT f=1 r=2 c=3 value=2005544 hex=001e9a28
C2_OUTPUT f=2 r=2 c=3 value=0 hex=00000000
C2_OUTPUT f=3 r=2 c=3 value=0 hex=00000000
C2_OUTPUT f=4 r=2 c=3 value=0 hex=00000000
C2_OUTPUT f=5 r=2 c=3 value=1604080 hex=001879f0
C2_OUTPUT f=6 r=2 c=3 value=2146508 hex=0020c0cc
C2_OUTPUT f=7 r=2 c=3 value=778159 hex=000bdfaf
C2_OUTPUT f=8 r=2 c=3 value=3758698 hex=00395a6a
C2_OUTPUT f=9 r=2 c=3 value=2460371 hex=00258ad3
C2_OUTPUT f=10 r=2 c=3 value=0 hex=00000000
C2_OUTPUT f=11 r=2 c=3 value=0 hex=00000000
C2_OUTPUT f=12 r=2 c=3 value=6682928 hex=0065f930
C2_OUTPUT f=13 r=2 c=3 value=931758 hex=000e37ae
C2_OUTPUT f=14 r=2 c=3 value=0 hex=00000000
C2_OUTPUT f=15 r=2 c=3 value=1198784 hex=00124ac0
C2_OUTPUT f=0 r=2 c=4 value=0 hex=00000000
C2_OUTPUT f=1 r=2 c=4 value=1445735 hex=00160f67
C2_OUTPUT f=2 r=2 c=4 value=0 hex=00000000
C2_OUTPUT f=3 r=2 c=4 value=0 hex=00000000
C2_OUTPUT f=4 r=2 c=4 value=0 hex=00000000
C2_OUTPUT f=5 r=2 c=4 value=0 hex=00000000
C2_OUTPUT f=6 r=2 c=4 value=0 hex=00000000
C2_OUTPUT f=7 r=2 c=4 value=3109282 hex=002f71a2
C2_OUTPUT f=8 r=2 c=4 value=5041893 hex=004ceee5
C2_OUTPUT f=9 r=2 c=4 value=2469155 hex=0025ad23
C2_OUTPUT f=10 r=2 c=4 value=0 hex=00000000
C2_OUTPUT f=11 r=2 c=4 value=0 hex=00000000
C2_OUTPUT f=12 r=2 c=4 value=10287763 hex=009cfa93
C2_OUTPUT f=13 r=2 c=4 value=787636 hex=000c04b4
C2_OUTPUT f=14 r=2 c=4 value=1455075 hex=001633e3
C2_OUTPUT f=15 r=2 c=4 value=0 hex=00000000
C2_OUTPUT f=0 r=2 c=5 value=0 hex=00000000
C2_OUTPUT f=1 r=2 c=5 value=473840 hex=00073af0
C2_OUTPUT f=2 r=2 c=5 value=0 hex=00000000
C2_OUTPUT f=3 r=2 c=5 value=0 hex=00000000
C2_OUTPUT f=4 r=2 c=5 value=382909 hex=0005d7bd
C2_OUTPUT f=5 r=2 c=5 value=0 hex=00000000
C2_OUTPUT f=6 r=2 c=5 value=0 hex=00000000
C2_OUTPUT f=7 r=2 c=5 value=1550797 hex=0017a9cd
C2_OUTPUT f=8 r=2 c=5 value=3926678 hex=003bea96
C2_OUTPUT f=9 r=2 c=5 value=879443 hex=000d6b53
C2_OUTPUT f=10 r=2 c=5 value=0 hex=00000000
C2_OUTPUT f=11 r=2 c=5 value=0 hex=00000000
C2_OUTPUT f=12 r=2 c=5 value=8722624 hex=008518c0
C2_OUTPUT f=13 r=2 c=5 value=1640102 hex=001906a6
C2_OUTPUT f=14 r=2 c=5 value=1653120 hex=00193980
C2_OUTPUT f=15 r=2 c=5 value=0 hex=00000000
C2_OUTPUT f=0 r=2 c=6 value=0 hex=00000000
C2_OUTPUT f=1 r=2 c=6 value=108613 hex=0001a845
C2_OUTPUT f=2 r=2 c=6 value=0 hex=00000000
C2_OUTPUT f=3 r=2 c=6 value=0 hex=00000000
C2_OUTPUT f=4 r=2 c=6 value=453417 hex=0006eb29
C2_OUTPUT f=5 r=2 c=6 value=0 hex=00000000
C2_OUTPUT f=6 r=2 c=6 value=0 hex=00000000
C2_OUTPUT f=7 r=2 c=6 value=1134904 hex=00115138
C2_OUTPUT f=8 r=2 c=6 value=3181294 hex=00308aee
C2_OUTPUT f=9 r=2 c=6 value=367706 hex=00059c5a
C2_OUTPUT f=10 r=2 c=6 value=0 hex=00000000
C2_OUTPUT f=11 r=2 c=6 value=0 hex=00000000
C2_OUTPUT f=12 r=2 c=6 value=6189038 hex=005e6fee
C2_OUTPUT f=13 r=2 c=6 value=685861 hex=000a7725
C2_OUTPUT f=14 r=2 c=6 value=804505 hex=000c4699
C2_OUTPUT f=15 r=2 c=6 value=0 hex=00000000
C2_OUTPUT f=0 r=2 c=7 value=0 hex=00000000
C2_OUTPUT f=1 r=2 c=7 value=0 hex=00000000
C2_OUTPUT f=2 r=2 c=7 value=0 hex=00000000
C2_OUTPUT f=3 r=2 c=7 value=0 hex=00000000
C2_OUTPUT f=4 r=2 c=7 value=253505 hex=0003de41
C2_OUTPUT f=5 r=2 c=7 value=0 hex=00000000
C2_OUTPUT f=6 r=2 c=7 value=0 hex=00000000
C2_OUTPUT f=7 r=2 c=7 value=1080263 hex=00107bc7
C2_OUTPUT f=8 r=2 c=7 value=2651188 hex=00287434
C2_OUTPUT f=9 r=2 c=7 value=438848 hex=0006b240
C2_OUTPUT f=10 r=2 c=7 value=0 hex=00000000
C2_OUTPUT f=11 r=2 c=7 value=0 hex=00000000
C2_OUTPUT f=12 r=2 c=7 value=4553090 hex=00457982
C2_OUTPUT f=13 r=2 c=7 value=5012 hex=00001394
C2_OUTPUT f=14 r=2 c=7 value=222227 hex=00036413
C2_OUTPUT f=15 r=2 c=7 value=0 hex=00000000
C2_OUTPUT f=0 r=2 c=8 value=0 hex=00000000
C2_OUTPUT f=1 r=2 c=8 value=0 hex=00000000
C2_OUTPUT f=2 r=2 c=8 value=0 hex=00000000
C2_OUTPUT f=3 r=2 c=8 value=0 hex=00000000
C2_OUTPUT f=4 r=2 c=8 value=170817 hex=00029b41
C2_OUTPUT f=5 r=2 c=8 value=0 hex=00000000
C2_OUTPUT f=6 r=2 c=8 value=0 hex=00000000
C2_OUTPUT f=7 r=2 c=8 value=995948 hex=000f326c
C2_OUTPUT f=8 r=2 c=8 value=2483076 hex=0025e384
C2_OUTPUT f=9 r=2 c=8 value=451405 hex=0006e34d
C2_OUTPUT f=10 r=2 c=8 value=0 hex=00000000
C2_OUTPUT f=11 r=2 c=8 value=0 hex=00000000
C2_OUTPUT f=12 r=2 c=8 value=4162648 hex=003f8458
C2_OUTPUT f=13 r=2 c=8 value=0 hex=00000000
C2_OUTPUT f=14 r=2 c=8 value=130539 hex=0001fdeb
C2_OUTPUT f=15 r=2 c=8 value=0 hex=00000000
C2_OUTPUT f=0 r=2 c=9 value=0 hex=00000000
C2_OUTPUT f=1 r=2 c=9 value=0 hex=00000000
C2_OUTPUT f=2 r=2 c=9 value=0 hex=00000000
C2_OUTPUT f=3 r=2 c=9 value=0 hex=00000000
C2_OUTPUT f=4 r=2 c=9 value=449490 hex=0006dbd2
C2_OUTPUT f=5 r=2 c=9 value=0 hex=00000000
C2_OUTPUT f=6 r=2 c=9 value=0 hex=00000000
C2_OUTPUT f=7 r=2 c=9 value=1196465 hex=001241b1
C2_OUTPUT f=8 r=2 c=9 value=2379233 hex=00244de1
C2_OUTPUT f=9 r=2 c=9 value=160602 hex=0002735a
C2_OUTPUT f=10 r=2 c=9 value=0 hex=00000000
C2_OUTPUT f=11 r=2 c=9 value=0 hex=00000000
C2_OUTPUT f=12 r=2 c=9 value=3578403 hex=00369a23
C2_OUTPUT f=13 r=2 c=9 value=0 hex=00000000
C2_OUTPUT f=14 r=2 c=9 value=146264 hex=00023b58
C2_OUTPUT f=15 r=2 c=9 value=0 hex=00000000
C2_OUTPUT f=0 r=2 c=10 value=0 hex=00000000
C2_OUTPUT f=1 r=2 c=10 value=0 hex=00000000
C2_OUTPUT f=2 r=2 c=10 value=0 hex=00000000
C2_OUTPUT f=3 r=2 c=10 value=0 hex=00000000
C2_OUTPUT f=4 r=2 c=10 value=814589 hex=000c6dfd
C2_OUTPUT f=5 r=2 c=10 value=0 hex=00000000
C2_OUTPUT f=6 r=2 c=10 value=0 hex=00000000
C2_OUTPUT f=7 r=2 c=10 value=1316977 hex=00141871
C2_OUTPUT f=8 r=2 c=10 value=1740702 hex=001a8f9e
C2_OUTPUT f=9 r=2 c=10 value=0 hex=00000000
C2_OUTPUT f=10 r=2 c=10 value=0 hex=00000000
C2_OUTPUT f=11 r=2 c=10 value=0 hex=00000000
C2_OUTPUT f=12 r=2 c=10 value=2247810 hex=00224c82
C2_OUTPUT f=13 r=2 c=10 value=0 hex=00000000
C2_OUTPUT f=14 r=2 c=10 value=208532 hex=00032e94
C2_OUTPUT f=15 r=2 c=10 value=0 hex=00000000
C2_OUTPUT f=0 r=2 c=11 value=0 hex=00000000
C2_OUTPUT f=1 r=2 c=11 value=0 hex=00000000
C2_OUTPUT f=2 r=2 c=11 value=0 hex=00000000
C2_OUTPUT f=3 r=2 c=11 value=0 hex=00000000
C2_OUTPUT f=4 r=2 c=11 value=335058 hex=00051cd2
C2_OUTPUT f=5 r=2 c=11 value=0 hex=00000000
C2_OUTPUT f=6 r=2 c=11 value=0 hex=00000000
C2_OUTPUT f=7 r=2 c=11 value=391136 hex=0005f7e0
C2_OUTPUT f=8 r=2 c=11 value=710650 hex=000ad7fa
C2_OUTPUT f=9 r=2 c=11 value=0 hex=00000000
C2_OUTPUT f=10 r=2 c=11 value=0 hex=00000000
C2_OUTPUT f=11 r=2 c=11 value=0 hex=00000000
C2_OUTPUT f=12 r=2 c=11 value=1023313 hex=000f9d51
C2_OUTPUT f=13 r=2 c=11 value=0 hex=00000000
C2_OUTPUT f=14 r=2 c=11 value=42536 hex=0000a628
C2_OUTPUT f=15 r=2 c=11 value=0 hex=00000000
C2_OUTPUT f=0 r=2 c=12 value=0 hex=00000000
C2_OUTPUT f=1 r=2 c=12 value=90385 hex=00016111
C2_OUTPUT f=2 r=2 c=12 value=0 hex=00000000
C2_OUTPUT f=3 r=2 c=12 value=0 hex=00000000
C2_OUTPUT f=4 r=2 c=12 value=305218 hex=0004a842
C2_OUTPUT f=5 r=2 c=12 value=0 hex=00000000
C2_OUTPUT f=6 r=2 c=12 value=632654 hex=0009a74e
C2_OUTPUT f=7 r=2 c=12 value=384603 hex=0005de5b
C2_OUTPUT f=8 r=2 c=12 value=19808 hex=00004d60
C2_OUTPUT f=9 r=2 c=12 value=61302 hex=0000ef76
C2_OUTPUT f=10 r=2 c=12 value=103236 hex=00019344
C2_OUTPUT f=11 r=2 c=12 value=0 hex=00000000
C2_OUTPUT f=12 r=2 c=12 value=0 hex=00000000
C2_OUTPUT f=13 r=2 c=12 value=0 hex=00000000
C2_OUTPUT f=14 r=2 c=12 value=125947 hex=0001ebfb
C2_OUTPUT f=15 r=2 c=12 value=0 hex=00000000
C2_OUTPUT f=0 r=2 c=13 value=0 hex=00000000
C2_OUTPUT f=1 r=2 c=13 value=382588 hex=0005d67c
C2_OUTPUT f=2 r=2 c=13 value=0 hex=00000000
C2_OUTPUT f=3 r=2 c=13 value=0 hex=00000000
C2_OUTPUT f=4 r=2 c=13 value=108707 hex=0001a8a3
C2_OUTPUT f=5 r=2 c=13 value=303663 hex=0004a22f
C2_OUTPUT f=6 r=2 c=13 value=735476 hex=000b38f4
C2_OUTPUT f=7 r=2 c=13 value=385087 hex=0005e03f
C2_OUTPUT f=8 r=2 c=13 value=0 hex=00000000
C2_OUTPUT f=9 r=2 c=13 value=16277 hex=00003f95
C2_OUTPUT f=10 r=2 c=13 value=0 hex=00000000
C2_OUTPUT f=11 r=2 c=13 value=0 hex=00000000
C2_OUTPUT f=12 r=2 c=13 value=0 hex=00000000
C2_OUTPUT f=13 r=2 c=13 value=0 hex=00000000
C2_OUTPUT f=14 r=2 c=13 value=0 hex=00000000
C2_OUTPUT f=15 r=2 c=13 value=556587 hex=00087e2b
C2_OUTPUT f=0 r=3 c=0 value=5826 hex=000016c2
C2_OUTPUT f=1 r=3 c=0 value=4088 hex=00000ff8
C2_OUTPUT f=2 r=3 c=0 value=0 hex=00000000
C2_OUTPUT f=3 r=3 c=0 value=2731 hex=00000aab
C2_OUTPUT f=4 r=3 c=0 value=1050 hex=0000041a
C2_OUTPUT f=5 r=3 c=0 value=0 hex=00000000
C2_OUTPUT f=6 r=3 c=0 value=0 hex=00000000
C2_OUTPUT f=7 r=3 c=0 value=252 hex=000000fc
C2_OUTPUT f=8 r=3 c=0 value=541 hex=0000021d
C2_OUTPUT f=9 r=3 c=0 value=0 hex=00000000
C2_OUTPUT f=10 r=3 c=0 value=0 hex=00000000
C2_OUTPUT f=11 r=3 c=0 value=251 hex=000000fb
C2_OUTPUT f=12 r=3 c=0 value=7648 hex=00001de0
C2_OUTPUT f=13 r=3 c=0 value=6701 hex=00001a2d
C2_OUTPUT f=14 r=3 c=0 value=5906 hex=00001712
C2_OUTPUT f=15 r=3 c=0 value=2656 hex=00000a60
C2_OUTPUT f=0 r=3 c=1 value=0 hex=00000000
C2_OUTPUT f=1 r=3 c=1 value=0 hex=00000000
C2_OUTPUT f=2 r=3 c=1 value=0 hex=00000000
C2_OUTPUT f=3 r=3 c=1 value=0 hex=00000000
C2_OUTPUT f=4 r=3 c=1 value=1236410 hex=0012ddba
C2_OUTPUT f=5 r=3 c=1 value=0 hex=00000000
C2_OUTPUT f=6 r=3 c=1 value=1966730 hex=001e028a
C2_OUTPUT f=7 r=3 c=1 value=714846 hex=000ae85e
C2_OUTPUT f=8 r=3 c=1 value=763141 hex=000ba505
C2_OUTPUT f=9 r=3 c=1 value=87063 hex=00015417
C2_OUTPUT f=10 r=3 c=1 value=12135 hex=00002f67
C2_OUTPUT f=11 r=3 c=1 value=0 hex=00000000
C2_OUTPUT f=12 r=3 c=1 value=0 hex=00000000
C2_OUTPUT f=13 r=3 c=1 value=0 hex=00000000
C2_OUTPUT f=14 r=3 c=1 value=1570577 hex=0017f711
C2_OUTPUT f=15 r=3 c=1 value=1028104 hex=000fb008
C2_OUTPUT f=0 r=3 c=2 value=2137781 hex=00209eb5
C2_OUTPUT f=1 r=3 c=2 value=480291 hex=00075423
C2_OUTPUT f=2 r=3 c=2 value=0 hex=00000000
C2_OUTPUT f=3 r=3 c=2 value=0 hex=00000000
C2_OUTPUT f=4 r=3 c=2 value=1561749 hex=0017d495
C2_OUTPUT f=5 r=3 c=2 value=0 hex=00000000
C2_OUTPUT f=6 r=3 c=2 value=8791720 hex=008626a8
C2_OUTPUT f=7 r=3 c=2 value=2371607 hex=00243017
C2_OUTPUT f=8 r=3 c=2 value=3692118 hex=00385656
C2_OUTPUT f=9 r=3 c=2 value=494520 hex=00078bb8
C2_OUTPUT f=10 r=3 c=2 value=0 hex=00000000
C2_OUTPUT f=11 r=3 c=2 value=0 hex=00000000
C2_OUTPUT f=12 r=3 c=2 value=0 hex=00000000
C2_OUTPUT f=13 r=3 c=2 value=0 hex=00000000
C2_OUTPUT f=14 r=3 c=2 value=3498646 hex=00356296
C2_OUTPUT f=15 r=3 c=2 value=4307664 hex=0041bad0
C2_OUTPUT f=0 r=3 c=3 value=8512730 hex=0081e4da
C2_OUTPUT f=1 r=3 c=3 value=2688073 hex=00290449
C2_OUTPUT f=2 r=3 c=3 value=1687230 hex=0019bebe
C2_OUTPUT f=3 r=3 c=3 value=0 hex=00000000
C2_OUTPUT f=4 r=3 c=3 value=1562089 hex=0017d5e9
C2_OUTPUT f=5 r=3 c=3 value=9904724 hex=00972254
C2_OUTPUT f=6 r=3 c=3 value=5105152 hex=004de600
C2_OUTPUT f=7 r=3 c=3 value=4812484 hex=00496ec4
C2_OUTPUT f=8 r=3 c=3 value=4342943 hex=0042449f
C2_OUTPUT f=9 r=3 c=3 value=2791687 hex=002a9907
C2_OUTPUT f=10 r=3 c=3 value=0 hex=00000000
C2_OUTPUT f=11 r=3 c=3 value=0 hex=00000000
C2_OUTPUT f=12 r=3 c=3 value=0 hex=00000000
C2_OUTPUT f=13 r=3 c=3 value=3516004 hex=0035a664
C2_OUTPUT f=14 r=3 c=3 value=4221922 hex=00406be2
C2_OUTPUT f=15 r=3 c=3 value=6565143 hex=00642d17
C2_OUTPUT f=0 r=3 c=4 value=12919704 hex=00c52398
C2_OUTPUT f=1 r=3 c=4 value=4293279 hex=0041829f
C2_OUTPUT f=2 r=3 c=4 value=2402351 hex=0024a82f
C2_OUTPUT f=3 r=3 c=4 value=0 hex=00000000
C2_OUTPUT f=4 r=3 c=4 value=1246549 hex=00130555
C2_OUTPUT f=5 r=3 c=4 value=5718574 hex=0057422e
C2_OUTPUT f=6 r=3 c=4 value=0 hex=00000000
C2_OUTPUT f=7 r=3 c=4 value=3401629 hex=0033e79d
C2_OUTPUT f=8 r=3 c=4 value=79565 hex=000136cd
C2_OUTPUT f=9 r=3 c=4 value=5998017 hex=005b85c1
C2_OUTPUT f=10 r=3 c=4 value=0 hex=00000000
C2_OUTPUT f=11 r=3 c=4 value=0 hex=00000000
C2_OUTPUT f=12 r=3 c=4 value=0 hex=00000000
C2_OUTPUT f=13 r=3 c=4 value=5490538 hex=0053c76a
C2_OUTPUT f=14 r=3 c=4 value=5026724 hex=004cb3a4
C2_OUTPUT f=15 r=3 c=4 value=583997 hex=0008e93d
C2_OUTPUT f=0 r=3 c=5 value=12476434 hex=00be6012
C2_OUTPUT f=1 r=3 c=5 value=4628519 hex=0046a027
C2_OUTPUT f=2 r=3 c=5 value=3427397 hex=00344c45
C2_OUTPUT f=3 r=3 c=5 value=0 hex=00000000
C2_OUTPUT f=4 r=3 c=5 value=0 hex=00000000
C2_OUTPUT f=5 r=3 c=5 value=0 hex=00000000
C2_OUTPUT f=6 r=3 c=5 value=0 hex=00000000
C2_OUTPUT f=7 r=3 c=5 value=762791 hex=000ba3a7
C2_OUTPUT f=8 r=3 c=5 value=246028 hex=0003c10c
C2_OUTPUT f=9 r=3 c=5 value=3750137 hex=003938f9
C2_OUTPUT f=10 r=3 c=5 value=0 hex=00000000
C2_OUTPUT f=11 r=3 c=5 value=0 hex=00000000
C2_OUTPUT f=12 r=3 c=5 value=4622921 hex=00468a49
C2_OUTPUT f=13 r=3 c=5 value=7653746 hex=0074c972
C2_OUTPUT f=14 r=3 c=5 value=3171266 hex=003063c2
C2_OUTPUT f=15 r=3 c=5 value=0 hex=00000000
C2_OUTPUT f=0 r=3 c=6 value=8148149 hex=007c54b5
C2_OUTPUT f=1 r=3 c=6 value=3665709 hex=0037ef2d
C2_OUTPUT f=2 r=3 c=6 value=3356449 hex=00333721
C2_OUTPUT f=3 r=3 c=6 value=0 hex=00000000
C2_OUTPUT f=4 r=3 c=6 value=0 hex=00000000
C2_OUTPUT f=5 r=3 c=6 value=0 hex=00000000
C2_OUTPUT f=6 r=3 c=6 value=0 hex=00000000
C2_OUTPUT f=7 r=3 c=6 value=2663084 hex=0028a2ac
C2_OUTPUT f=8 r=3 c=6 value=3179476 hex=003083d4
C2_OUTPUT f=9 r=3 c=6 value=3298800 hex=003255f0
C2_OUTPUT f=10 r=3 c=6 value=0 hex=00000000
C2_OUTPUT f=11 r=3 c=6 value=0 hex=00000000
C2_OUTPUT f=12 r=3 c=6 value=9695221 hex=0093eff5
C2_OUTPUT f=13 r=3 c=6 value=5367398 hex=0051e666
C2_OUTPUT f=14 r=3 c=6 value=3674822 hex=003812c6
C2_OUTPUT f=15 r=3 c=6 value=0 hex=00000000
C2_OUTPUT f=0 r=3 c=7 value=5467332 hex=00536cc4
C2_OUTPUT f=1 r=3 c=7 value=2889750 hex=002c1816
C2_OUTPUT f=2 r=3 c=7 value=3476507 hex=00350c1b
C2_OUTPUT f=3 r=3 c=7 value=0 hex=00000000
C2_OUTPUT f=4 r=3 c=7 value=0 hex=00000000
C2_OUTPUT f=5 r=3 c=7 value=0 hex=00000000
C2_OUTPUT f=6 r=3 c=7 value=0 hex=00000000
C2_OUTPUT f=7 r=3 c=7 value=3126484 hex=002fb4d4
C2_OUTPUT f=8 r=3 c=7 value=4853037 hex=004a0d2d
C2_OUTPUT f=9 r=3 c=7 value=3300721 hex=00325d71
C2_OUTPUT f=10 r=3 c=7 value=0 hex=00000000
C2_OUTPUT f=11 r=3 c=7 value=0 hex=00000000
C2_OUTPUT f=12 r=3 c=7 value=10530554 hex=00a0aefa
C2_OUTPUT f=13 r=3 c=7 value=3983921 hex=003cca31
C2_OUTPUT f=14 r=3 c=7 value=3293433 hex=003240f9
C2_OUTPUT f=15 r=3 c=7 value=0 hex=00000000
C2_OUTPUT f=0 r=3 c=8 value=5528385 hex=00545b41
C2_OUTPUT f=1 r=3 c=8 value=2415098 hex=0024d9fa
C2_OUTPUT f=2 r=3 c=8 value=3199196 hex=0030d0dc
C2_OUTPUT f=3 r=3 c=8 value=0 hex=00000000
C2_OUTPUT f=4 r=3 c=8 value=1093464 hex=0010af58
C2_OUTPUT f=5 r=3 c=8 value=0 hex=00000000
C2_OUTPUT f=6 r=3 c=8 value=0 hex=00000000
C2_OUTPUT f=7 r=3 c=8 value=3593752 hex=0036d618
C2_OUTPUT f=8 r=3 c=8 value=4471305 hex=00443a09
C2_OUTPUT f=9 r=3 c=8 value=3154590 hex=0030229e
C2_OUTPUT f=10 r=3 c=8 value=0 hex=00000000
C2_OUTPUT f=11 r=3 c=8 value=0 hex=00000000
C2_OUTPUT f=12 r=3 c=8 value=10642275 hex=00a26363
C2_OUTPUT f=13 r=3 c=8 value=3519528 hex=0035b428
C2_OUTPUT f=14 r=3 c=8 value=4824167 hex=00499c67
C2_OUTPUT f=15 r=3 c=8 value=0 hex=00000000
C2_OUTPUT f=0 r=3 c=9 value=4917684 hex=004b09b4
C2_OUTPUT f=1 r=3 c=9 value=3498348 hex=0035616c
C2_OUTPUT f=2 r=3 c=9 value=2657944 hex=00288e98
C2_OUTPUT f=3 r=3 c=9 value=0 hex=00000000
C2_OUTPUT f=4 r=3 c=9 value=0 hex=00000000
C2_OUTPUT f=5 r=3 c=9 value=0 hex=00000000
C2_OUTPUT f=6 r=3 c=9 value=0 hex=00000000
C2_OUTPUT f=7 r=3 c=9 value=2557451 hex=0027060b
C2_OUTPUT f=8 r=3 c=9 value=4844233 hex=0049eac9
C2_OUTPUT f=9 r=3 c=9 value=2955540 hex=002d1914
C2_OUTPUT f=10 r=3 c=9 value=0 hex=00000000
C2_OUTPUT f=11 r=3 c=9 value=0 hex=00000000
C2_OUTPUT f=12 r=3 c=9 value=10822408 hex=00a52308
C2_OUTPUT f=13 r=3 c=9 value=3922264 hex=003bd958
C2_OUTPUT f=14 r=3 c=9 value=2509452 hex=00264a8c
C2_OUTPUT f=15 r=3 c=9 value=0 hex=00000000
C2_OUTPUT f=0 r=3 c=10 value=2253376 hex=00226240
C2_OUTPUT f=1 r=3 c=10 value=1812953 hex=001ba9d9
C2_OUTPUT f=2 r=3 c=10 value=1142671 hex=00116f8f
C2_OUTPUT f=3 r=3 c=10 value=0 hex=00000000
C2_OUTPUT f=4 r=3 c=10 value=1062404 hex=00103604
C2_OUTPUT f=5 r=3 c=10 value=0 hex=00000000
C2_OUTPUT f=6 r=3 c=10 value=0 hex=00000000
C2_OUTPUT f=7 r=3 c=10 value=3566302 hex=00366ade
C2_OUTPUT f=8 r=3 c=10 value=3081250 hex=002f0422
C2_OUTPUT f=9 r=3 c=10 value=1670734 hex=00197e4e
C2_OUTPUT f=10 r=3 c=10 value=0 hex=00000000
C2_OUTPUT f=11 r=3 c=10 value=0 hex=00000000
C2_OUTPUT f=12 r=3 c=10 value=10070729 hex=0099aac9
C2_OUTPUT f=13 r=3 c=10 value=1763970 hex=001aea82
C2_OUTPUT f=14 r=3 c=10 value=3095269 hex=002f3ae5
C2_OUTPUT f=15 r=3 c=10 value=0 hex=00000000
C2_OUTPUT f=0 r=3 c=11 value=0 hex=00000000
C2_OUTPUT f=1 r=3 c=11 value=280530 hex=000447d2
C2_OUTPUT f=2 r=3 c=11 value=1159363 hex=0011b0c3
C2_OUTPUT f=3 r=3 c=11 value=0 hex=00000000
C2_OUTPUT f=4 r=3 c=11 value=2368317 hex=0024233d
C2_OUTPUT f=5 r=3 c=11 value=0 hex=00000000
C2_OUTPUT f=6 r=3 c=11 value=0 hex=00000000
C2_OUTPUT f=7 r=3 c=11 value=532755 hex=00082113
C2_OUTPUT f=8 r=3 c=11 value=834219 hex=000cbaab
C2_OUTPUT f=9 r=3 c=11 value=0 hex=00000000
C2_OUTPUT f=10 r=3 c=11 value=1461894 hex=00164e86
C2_OUTPUT f=11 r=3 c=11 value=0 hex=00000000
C2_OUTPUT f=12 r=3 c=11 value=4546145 hex=00455e61
C2_OUTPUT f=13 r=3 c=11 value=222092 hex=0003638c
C2_OUTPUT f=14 r=3 c=11 value=2380816 hex=00245410
C2_OUTPUT f=15 r=3 c=11 value=0 hex=00000000
C2_OUTPUT f=0 r=3 c=12 value=0 hex=00000000
C2_OUTPUT f=1 r=3 c=12 value=131736 hex=00020298
C2_OUTPUT f=2 r=3 c=12 value=0 hex=00000000
C2_OUTPUT f=3 r=3 c=12 value=0 hex=00000000
C2_OUTPUT f=4 r=3 c=12 value=843844 hex=000ce044
C2_OUTPUT f=5 r=3 c=12 value=0 hex=00000000
C2_OUTPUT f=6 r=3 c=12 value=0 hex=00000000
C2_OUTPUT f=7 r=3 c=12 value=681500 hex=000a661c
C2_OUTPUT f=8 r=3 c=12 value=44640 hex=0000ae60
C2_OUTPUT f=9 r=3 c=12 value=0 hex=00000000
C2_OUTPUT f=10 r=3 c=12 value=123400 hex=0001e208
C2_OUTPUT f=11 r=3 c=12 value=0 hex=00000000
C2_OUTPUT f=12 r=3 c=12 value=329662 hex=000507be
C2_OUTPUT f=13 r=3 c=12 value=0 hex=00000000
C2_OUTPUT f=14 r=3 c=12 value=502981 hex=0007acc5
C2_OUTPUT f=15 r=3 c=12 value=0 hex=00000000
C2_OUTPUT f=0 r=3 c=13 value=0 hex=00000000
C2_OUTPUT f=1 r=3 c=13 value=382588 hex=0005d67c
C2_OUTPUT f=2 r=3 c=13 value=0 hex=00000000
C2_OUTPUT f=3 r=3 c=13 value=0 hex=00000000
C2_OUTPUT f=4 r=3 c=13 value=108707 hex=0001a8a3
C2_OUTPUT f=5 r=3 c=13 value=303663 hex=0004a22f
C2_OUTPUT f=6 r=3 c=13 value=735476 hex=000b38f4
C2_OUTPUT f=7 r=3 c=13 value=385087 hex=0005e03f
C2_OUTPUT f=8 r=3 c=13 value=0 hex=00000000
C2_OUTPUT f=9 r=3 c=13 value=16277 hex=00003f95
C2_OUTPUT f=10 r=3 c=13 value=0 hex=00000000
C2_OUTPUT f=11 r=3 c=13 value=0 hex=00000000
C2_OUTPUT f=12 r=3 c=13 value=0 hex=00000000
C2_OUTPUT f=13 r=3 c=13 value=0 hex=00000000
C2_OUTPUT f=14 r=3 c=13 value=0 hex=00000000
C2_OUTPUT f=15 r=3 c=13 value=556587 hex=00087e2b
C2_OUTPUT f=0 r=4 c=0 value=5826 hex=000016c2
C2_OUTPUT f=1 r=4 c=0 value=4088 hex=00000ff8
C2_OUTPUT f=2 r=4 c=0 value=0 hex=00000000
C2_OUTPUT f=3 r=4 c=0 value=2731 hex=00000aab
C2_OUTPUT f=4 r=4 c=0 value=1050 hex=0000041a
C2_OUTPUT f=5 r=4 c=0 value=0 hex=00000000
C2_OUTPUT f=6 r=4 c=0 value=0 hex=00000000
C2_OUTPUT f=7 r=4 c=0 value=252 hex=000000fc
C2_OUTPUT f=8 r=4 c=0 value=541 hex=0000021d
C2_OUTPUT f=9 r=4 c=0 value=0 hex=00000000
C2_OUTPUT f=10 r=4 c=0 value=0 hex=00000000
C2_OUTPUT f=11 r=4 c=0 value=251 hex=000000fb
C2_OUTPUT f=12 r=4 c=0 value=7648 hex=00001de0
C2_OUTPUT f=13 r=4 c=0 value=6701 hex=00001a2d
C2_OUTPUT f=14 r=4 c=0 value=5906 hex=00001712
C2_OUTPUT f=15 r=4 c=0 value=2656 hex=00000a60
C2_OUTPUT f=0 r=4 c=1 value=0 hex=00000000
C2_OUTPUT f=1 r=4 c=1 value=516505 hex=0007e199
C2_OUTPUT f=2 r=4 c=1 value=0 hex=00000000
C2_OUTPUT f=3 r=4 c=1 value=693421 hex=000a94ad
C2_OUTPUT f=4 r=4 c=1 value=93376 hex=00016cc0
C2_OUTPUT f=5 r=4 c=1 value=0 hex=00000000
C2_OUTPUT f=6 r=4 c=1 value=2024112 hex=001ee2b0
C2_OUTPUT f=7 r=4 c=1 value=1146445 hex=00117e4d
C2_OUTPUT f=8 r=4 c=1 value=903148 hex=000dc7ec
C2_OUTPUT f=9 r=4 c=1 value=0 hex=00000000
C2_OUTPUT f=10 r=4 c=1 value=0 hex=00000000
C2_OUTPUT f=11 r=4 c=1 value=0 hex=00000000
C2_OUTPUT f=12 r=4 c=1 value=0 hex=00000000
C2_OUTPUT f=13 r=4 c=1 value=0 hex=00000000
C2_OUTPUT f=14 r=4 c=1 value=821278 hex=000c881e
C2_OUTPUT f=15 r=4 c=1 value=0 hex=00000000
C2_OUTPUT f=0 r=4 c=2 value=0 hex=00000000
C2_OUTPUT f=1 r=4 c=2 value=1896404 hex=001cefd4
C2_OUTPUT f=2 r=4 c=2 value=0 hex=00000000
C2_OUTPUT f=3 r=4 c=2 value=3704124 hex=0038853c
C2_OUTPUT f=4 r=4 c=2 value=1244707 hex=0012fe23
C2_OUTPUT f=5 r=4 c=2 value=0 hex=00000000
C2_OUTPUT f=6 r=4 c=2 value=8962241 hex=0088c0c1
C2_OUTPUT f=7 r=4 c=2 value=3563810 hex=00366122
C2_OUTPUT f=8 r=4 c=2 value=28640 hex=00006fe0
C2_OUTPUT f=9 r=4 c=2 value=0 hex=00000000
C2_OUTPUT f=10 r=4 c=2 value=0 hex=00000000
C2_OUTPUT f=11 r=4 c=2 value=0 hex=00000000
C2_OUTPUT f=12 r=4 c=2 value=0 hex=00000000
C2_OUTPUT f=13 r=4 c=2 value=0 hex=00000000
C2_OUTPUT f=14 r=4 c=2 value=2907782 hex=002c5e86
C2_OUTPUT f=15 r=4 c=2 value=1660068 hex=001954a4
C2_OUTPUT f=0 r=4 c=3 value=0 hex=00000000
C2_OUTPUT f=1 r=4 c=3 value=2861759 hex=002baabf
C2_OUTPUT f=2 r=4 c=3 value=0 hex=00000000
C2_OUTPUT f=3 r=4 c=3 value=9034783 hex=0089dc1f
C2_OUTPUT f=4 r=4 c=3 value=4784544 hex=004901a0
C2_OUTPUT f=5 r=4 c=3 value=2098800 hex=00200670
C2_OUTPUT f=6 r=4 c=3 value=3954613 hex=003c57b5
C2_OUTPUT f=7 r=4 c=3 value=3991749 hex=003ce8c5
C2_OUTPUT f=8 r=4 c=3 value=0 hex=00000000
C2_OUTPUT f=9 r=4 c=3 value=0 hex=00000000
C2_OUTPUT f=10 r=4 c=3 value=0 hex=00000000
C2_OUTPUT f=11 r=4 c=3 value=238093 hex=0003a20d
C2_OUTPUT f=12 r=4 c=3 value=0 hex=00000000
C2_OUTPUT f=13 r=4 c=3 value=0 hex=00000000
C2_OUTPUT f=14 r=4 c=3 value=3132112 hex=002fcad0
C2_OUTPUT f=15 r=4 c=3 value=7767358 hex=0076853e
C2_OUTPUT f=0 r=4 c=4 value=4424355 hex=004382a3
C2_OUTPUT f=1 r=4 c=4 value=1139085 hex=0011618d
C2_OUTPUT f=2 r=4 c=4 value=0 hex=00000000
C2_OUTPUT f=3 r=4 c=4 value=11387596 hex=00adc2cc
C2_OUTPUT f=4 r=4 c=4 value=3508202 hex=003587ea
C2_OUTPUT f=5 r=4 c=4 value=8433344 hex=0080aec0
C2_OUTPUT f=6 r=4 c=4 value=0 hex=00000000
C2_OUTPUT f=7 r=4 c=4 value=1426960 hex=0015c610
C2_OUTPUT f=8 r=4 c=4 value=0 hex=00000000
C2_OUTPUT f=9 r=4 c=4 value=874260 hex=000d5714
C2_OUTPUT f=10 r=4 c=4 value=844893 hex=000ce45d
C2_OUTPUT f=11 r=4 c=4 value=5906 hex=00001712
C2_OUTPUT f=12 r=4 c=4 value=0 hex=00000000
C2_OUTPUT f=13 r=4 c=4 value=3411297 hex=00340d61
C2_OUTPUT f=14 r=4 c=4 value=2258748 hex=0022773c
C2_OUTPUT f=15 r=4 c=4 value=10042594 hex=00993ce2
C2_OUTPUT f=0 r=4 c=5 value=11992441 hex=00b6fd79
C2_OUTPUT f=1 r=4 c=5 value=2098517 hex=00200555
C2_OUTPUT f=2 r=4 c=5 value=0 hex=00000000
C2_OUTPUT f=3 r=4 c=5 value=7245810 hex=006e8ff2
C2_OUTPUT f=4 r=4 c=5 value=1120727 hex=001119d7
C2_OUTPUT f=5 r=4 c=5 value=8399795 hex=00802bb3
C2_OUTPUT f=6 r=4 c=5 value=0 hex=00000000
C2_OUTPUT f=7 r=4 c=5 value=1277247 hex=00137d3f
C2_OUTPUT f=8 r=4 c=5 value=0 hex=00000000
C2_OUTPUT f=9 r=4 c=5 value=0 hex=00000000
C2_OUTPUT f=10 r=4 c=5 value=0 hex=00000000
C2_OUTPUT f=11 r=4 c=5 value=348045 hex=00054f8d
C2_OUTPUT f=12 r=4 c=5 value=0 hex=00000000
C2_OUTPUT f=13 r=4 c=5 value=9097898 hex=008ad2aa
C2_OUTPUT f=14 r=4 c=5 value=2028982 hex=001ef5b6
C2_OUTPUT f=15 r=4 c=5 value=8797415 hex=00863ce7
C2_OUTPUT f=0 r=4 c=6 value=14918372 hex=00e3a2e4
C2_OUTPUT f=1 r=4 c=6 value=3822163 hex=003a5253
C2_OUTPUT f=2 r=4 c=6 value=458996 hex=000700f4
C2_OUTPUT f=3 r=4 c=6 value=863806 hex=000d2e3e
C2_OUTPUT f=4 r=4 c=6 value=1538737 hex=00177ab1
C2_OUTPUT f=5 r=4 c=6 value=6201461 hex=005ea075
C2_OUTPUT f=6 r=4 c=6 value=0 hex=00000000
C2_OUTPUT f=7 r=4 c=6 value=1169865 hex=0011d9c9
C2_OUTPUT f=8 r=4 c=6 value=0 hex=00000000
C2_OUTPUT f=9 r=4 c=6 value=0 hex=00000000
C2_OUTPUT f=10 r=4 c=6 value=0 hex=00000000
C2_OUTPUT f=11 r=4 c=6 value=259476 hex=0003f594
C2_OUTPUT f=12 r=4 c=6 value=0 hex=00000000
C2_OUTPUT f=13 r=4 c=6 value=7306604 hex=006f7d6c
C2_OUTPUT f=14 r=4 c=6 value=3608335 hex=00370f0f
C2_OUTPUT f=15 r=4 c=6 value=5646100 hex=00562714
C2_OUTPUT f=0 r=4 c=7 value=16038125 hex=00f4b8ed
C2_OUTPUT f=1 r=4 c=7 value=3984669 hex=003ccd1d
C2_OUTPUT f=2 r=4 c=7 value=1193808 hex=00123750
C2_OUTPUT f=3 r=4 c=7 value=0 hex=00000000
C2_OUTPUT f=4 r=4 c=7 value=1100308 hex=0010ca14
C2_OUTPUT f=5 r=4 c=7 value=5460704 hex=005352e0
C2_OUTPUT f=6 r=4 c=7 value=0 hex=00000000
C2_OUTPUT f=7 r=4 c=7 value=634161 hex=0009ad31
C2_OUTPUT f=8 r=4 c=7 value=0 hex=00000000
C2_OUTPUT f=9 r=4 c=7 value=0 hex=00000000
C2_OUTPUT f=10 r=4 c=7 value=0 hex=00000000
C2_OUTPUT f=11 r=4 c=7 value=812014 hex=000c63ee
C2_OUTPUT f=12 r=4 c=7 value=0 hex=00000000
C2_OUTPUT f=13 r=4 c=7 value=5564271 hex=0054e76f
C2_OUTPUT f=14 r=4 c=7 value=4471946 hex=00443c8a
C2_OUTPUT f=15 r=4 c=7 value=4060448 hex=003df520
C2_OUTPUT f=0 r=4 c=8 value=15934537 hex=00f32449
C2_OUTPUT f=1 r=4 c=8 value=4012516 hex=003d39e4
C2_OUTPUT f=2 r=4 c=8 value=0 hex=00000000
C2_OUTPUT f=3 r=4 c=8 value=0 hex=00000000
C2_OUTPUT f=4 r=4 c=8 value=3589580 hex=0036c5cc
C2_OUTPUT f=5 r=4 c=8 value=2113930 hex=0020418a
C2_OUTPUT f=6 r=4 c=8 value=0 hex=00000000
C2_OUTPUT f=7 r=4 c=8 value=1029564 hex=000fb5bc
C2_OUTPUT f=8 r=4 c=8 value=0 hex=00000000
C2_OUTPUT f=9 r=4 c=8 value=743925 hex=000b59f5
C2_OUTPUT f=10 r=4 c=8 value=0 hex=00000000
C2_OUTPUT f=11 r=4 c=8 value=0 hex=00000000
C2_OUTPUT f=12 r=4 c=8 value=0 hex=00000000
C2_OUTPUT f=13 r=4 c=8 value=4756168 hex=004892c8
C2_OUTPUT f=14 r=4 c=8 value=6668675 hex=0065c183
C2_OUTPUT f=15 r=4 c=8 value=4813701 hex=00497385
C2_OUTPUT f=0 r=4 c=9 value=16669785 hex=00fe5c59
C2_OUTPUT f=1 r=4 c=9 value=5813714 hex=0058b5d2
C2_OUTPUT f=2 r=4 c=9 value=27633 hex=00006bf1
C2_OUTPUT f=3 r=4 c=9 value=0 hex=00000000
C2_OUTPUT f=4 r=4 c=9 value=0 hex=00000000
C2_OUTPUT f=5 r=4 c=9 value=10147461 hex=009ad685
C2_OUTPUT f=6 r=4 c=9 value=0 hex=00000000
C2_OUTPUT f=7 r=4 c=9 value=2029755 hex=001ef8bb
C2_OUTPUT f=8 r=4 c=9 value=0 hex=00000000
C2_OUTPUT f=9 r=4 c=9 value=767720 hex=000bb6e8
C2_OUTPUT f=10 r=4 c=9 value=0 hex=00000000
C2_OUTPUT f=11 r=4 c=9 value=0 hex=00000000
C2_OUTPUT f=12 r=4 c=9 value=0 hex=00000000
C2_OUTPUT f=13 r=4 c=9 value=6147307 hex=005dcceb
C2_OUTPUT f=14 r=4 c=9 value=2457352 hex=00257f08
C2_OUTPUT f=15 r=4 c=9 value=5531814 hex=005468a6
C2_OUTPUT f=0 r=4 c=10 value=12093618 hex=00b888b2
C2_OUTPUT f=1 r=4 c=10 value=5168034 hex=004edba2
C2_OUTPUT f=2 r=4 c=10 value=0 hex=00000000
C2_OUTPUT f=3 r=4 c=10 value=0 hex=00000000
C2_OUTPUT f=4 r=4 c=10 value=2661929 hex=00289e29
C2_OUTPUT f=5 r=4 c=10 value=2280564 hex=0022cc74
C2_OUTPUT f=6 r=4 c=10 value=0 hex=00000000
C2_OUTPUT f=7 r=4 c=10 value=3650677 hex=0037b475
C2_OUTPUT f=8 r=4 c=10 value=0 hex=00000000
C2_OUTPUT f=9 r=4 c=10 value=5021659 hex=004c9fdb
C2_OUTPUT f=10 r=4 c=10 value=1290416 hex=0013b0b0
C2_OUTPUT f=11 r=4 c=10 value=1775230 hex=001b167e
C2_OUTPUT f=12 r=4 c=10 value=0 hex=00000000
C2_OUTPUT f=13 r=4 c=10 value=3774021 hex=00399645
C2_OUTPUT f=14 r=4 c=10 value=3338898 hex=0032f292
C2_OUTPUT f=15 r=4 c=10 value=0 hex=00000000
C2_OUTPUT f=0 r=4 c=11 value=5289901 hex=0050b7ad
C2_OUTPUT f=1 r=4 c=11 value=2406837 hex=0024b9b5
C2_OUTPUT f=2 r=4 c=11 value=1216626 hex=00129072
C2_OUTPUT f=3 r=4 c=11 value=0 hex=00000000
C2_OUTPUT f=4 r=4 c=11 value=1351960 hex=0014a118
C2_OUTPUT f=5 r=4 c=11 value=0 hex=00000000
C2_OUTPUT f=6 r=4 c=11 value=0 hex=00000000
C2_OUTPUT f=7 r=4 c=11 value=0 hex=00000000
C2_OUTPUT f=8 r=4 c=11 value=0 hex=00000000
C2_OUTPUT f=9 r=4 c=11 value=0 hex=00000000
C2_OUTPUT f=10 r=4 c=11 value=8617558 hex=00837e56
C2_OUTPUT f=11 r=4 c=11 value=3297301 hex=00325015
C2_OUTPUT f=12 r=4 c=11 value=0 hex=00000000
C2_OUTPUT f=13 r=4 c=11 value=1267412 hex=001356d4
C2_OUTPUT f=14 r=4 c=11 value=2055696 hex=001f5e10
C2_OUTPUT f=15 r=4 c=11 value=0 hex=00000000
C2_OUTPUT f=0 r=4 c=12 value=422625 hex=000672e1
C2_OUTPUT f=1 r=4 c=12 value=392140 hex=0005fbcc
C2_OUTPUT f=2 r=4 c=12 value=0 hex=00000000
C2_OUTPUT f=3 r=4 c=12 value=0 hex=00000000
C2_OUTPUT f=4 r=4 c=12 value=681363 hex=000a6593
C2_OUTPUT f=5 r=4 c=12 value=0 hex=00000000
C2_OUTPUT f=6 r=4 c=12 value=0 hex=00000000
C2_OUTPUT f=7 r=4 c=12 value=139665 hex=00022191
C2_OUTPUT f=8 r=4 c=12 value=0 hex=00000000
C2_OUTPUT f=9 r=4 c=12 value=0 hex=00000000
C2_OUTPUT f=10 r=4 c=12 value=1172696 hex=0011e4d8
C2_OUTPUT f=11 r=4 c=12 value=40986 hex=0000a01a
C2_OUTPUT f=12 r=4 c=12 value=0 hex=00000000
C2_OUTPUT f=13 r=4 c=12 value=0 hex=00000000
C2_OUTPUT f=14 r=4 c=12 value=309633 hex=0004b981
C2_OUTPUT f=15 r=4 c=12 value=0 hex=00000000
C2_OUTPUT f=0 r=4 c=13 value=0 hex=00000000
C2_OUTPUT f=1 r=4 c=13 value=382588 hex=0005d67c
C2_OUTPUT f=2 r=4 c=13 value=0 hex=00000000
C2_OUTPUT f=3 r=4 c=13 value=0 hex=00000000
C2_OUTPUT f=4 r=4 c=13 value=108707 hex=0001a8a3
C2_OUTPUT f=5 r=4 c=13 value=303663 hex=0004a22f
C2_OUTPUT f=6 r=4 c=13 value=735476 hex=000b38f4
C2_OUTPUT f=7 r=4 c=13 value=385087 hex=0005e03f
C2_OUTPUT f=8 r=4 c=13 value=0 hex=00000000
C2_OUTPUT f=9 r=4 c=13 value=16277 hex=00003f95
C2_OUTPUT f=10 r=4 c=13 value=0 hex=00000000
C2_OUTPUT f=11 r=4 c=13 value=0 hex=00000000
C2_OUTPUT f=12 r=4 c=13 value=0 hex=00000000
C2_OUTPUT f=13 r=4 c=13 value=0 hex=00000000
C2_OUTPUT f=14 r=4 c=13 value=0 hex=00000000
C2_OUTPUT f=15 r=4 c=13 value=556587 hex=00087e2b
C2_OUTPUT f=0 r=5 c=0 value=5826 hex=000016c2
C2_OUTPUT f=1 r=5 c=0 value=4088 hex=00000ff8
C2_OUTPUT f=2 r=5 c=0 value=0 hex=00000000
C2_OUTPUT f=3 r=5 c=0 value=2731 hex=00000aab
C2_OUTPUT f=4 r=5 c=0 value=1050 hex=0000041a
C2_OUTPUT f=5 r=5 c=0 value=0 hex=00000000
C2_OUTPUT f=6 r=5 c=0 value=0 hex=00000000
C2_OUTPUT f=7 r=5 c=0 value=252 hex=000000fc
C2_OUTPUT f=8 r=5 c=0 value=541 hex=0000021d
C2_OUTPUT f=9 r=5 c=0 value=0 hex=00000000
C2_OUTPUT f=10 r=5 c=0 value=0 hex=00000000
C2_OUTPUT f=11 r=5 c=0 value=251 hex=000000fb
C2_OUTPUT f=12 r=5 c=0 value=7648 hex=00001de0
C2_OUTPUT f=13 r=5 c=0 value=6701 hex=00001a2d
C2_OUTPUT f=14 r=5 c=0 value=5906 hex=00001712
C2_OUTPUT f=15 r=5 c=0 value=2656 hex=00000a60
C2_OUTPUT f=0 r=5 c=1 value=0 hex=00000000
C2_OUTPUT f=1 r=5 c=1 value=493109 hex=00078635
C2_OUTPUT f=2 r=5 c=1 value=0 hex=00000000
C2_OUTPUT f=3 r=5 c=1 value=401358 hex=00061fce
C2_OUTPUT f=4 r=5 c=1 value=8545 hex=00002161
C2_OUTPUT f=5 r=5 c=1 value=0 hex=00000000
C2_OUTPUT f=6 r=5 c=1 value=1350877 hex=00149cdd
C2_OUTPUT f=7 r=5 c=1 value=734457 hex=000b34f9
C2_OUTPUT f=8 r=5 c=1 value=0 hex=00000000
C2_OUTPUT f=9 r=5 c=1 value=0 hex=00000000
C2_OUTPUT f=10 r=5 c=1 value=0 hex=00000000
C2_OUTPUT f=11 r=5 c=1 value=0 hex=00000000
C2_OUTPUT f=12 r=5 c=1 value=349562 hex=0005557a
C2_OUTPUT f=13 r=5 c=1 value=0 hex=00000000
C2_OUTPUT f=14 r=5 c=1 value=0 hex=00000000
C2_OUTPUT f=15 r=5 c=1 value=0 hex=00000000
C2_OUTPUT f=0 r=5 c=2 value=0 hex=00000000
C2_OUTPUT f=1 r=5 c=2 value=1928365 hex=001d6cad
C2_OUTPUT f=2 r=5 c=2 value=0 hex=00000000
C2_OUTPUT f=3 r=5 c=2 value=3278611 hex=00320713
C2_OUTPUT f=4 r=5 c=2 value=460003 hex=000704e3
C2_OUTPUT f=5 r=5 c=2 value=0 hex=00000000
C2_OUTPUT f=6 r=5 c=2 value=3456951 hex=0034bfb7
C2_OUTPUT f=7 r=5 c=2 value=2428652 hex=00250eec
C2_OUTPUT f=8 r=5 c=2 value=0 hex=00000000
C2_OUTPUT f=9 r=5 c=2 value=0 hex=00000000
C2_OUTPUT f=10 r=5 c=2 value=0 hex=00000000
C2_OUTPUT f=11 r=5 c=2 value=1050234 hex=0010067a
C2_OUTPUT f=12 r=5 c=2 value=3483198 hex=0035263e
C2_OUTPUT f=13 r=5 c=2 value=0 hex=00000000
C2_OUTPUT f=14 r=5 c=2 value=0 hex=00000000
C2_OUTPUT f=15 r=5 c=2 value=0 hex=00000000
C2_OUTPUT f=0 r=5 c=3 value=0 hex=00000000
C2_OUTPUT f=1 r=5 c=3 value=2532964 hex=0026a664
C2_OUTPUT f=2 r=5 c=3 value=0 hex=00000000
C2_OUTPUT f=3 r=5 c=3 value=7901871 hex=007892af
C2_OUTPUT f=4 r=5 c=3 value=1255666 hex=001328f2
C2_OUTPUT f=5 r=5 c=3 value=0 hex=00000000
C2_OUTPUT f=6 r=5 c=3 value=0 hex=00000000
C2_OUTPUT f=7 r=5 c=3 value=2662727 hex=0028a147
C2_OUTPUT f=8 r=5 c=3 value=0 hex=00000000
C2_OUTPUT f=9 r=5 c=3 value=0 hex=00000000
C2_OUTPUT f=10 r=5 c=3 value=2829554 hex=002b2cf2
C2_OUTPUT f=11 r=5 c=3 value=2847052 hex=002b714c
C2_OUTPUT f=12 r=5 c=3 value=8416446 hex=00806cbe
C2_OUTPUT f=13 r=5 c=3 value=0 hex=00000000
C2_OUTPUT f=14 r=5 c=3 value=0 hex=00000000
C2_OUTPUT f=15 r=5 c=3 value=3913831 hex=003bb867
C2_OUTPUT f=0 r=5 c=4 value=0 hex=00000000
C2_OUTPUT f=1 r=5 c=4 value=301985 hex=00049ba1
C2_OUTPUT f=2 r=5 c=4 value=0 hex=00000000
C2_OUTPUT f=3 r=5 c=4 value=14079698 hex=00d6d6d2
C2_OUTPUT f=4 r=5 c=4 value=1485085 hex=0016a91d
C2_OUTPUT f=5 r=5 c=4 value=0 hex=00000000
C2_OUTPUT f=6 r=5 c=4 value=0 hex=00000000
C2_OUTPUT f=7 r=5 c=4 value=3782922 hex=0039b90a
C2_OUTPUT f=8 r=5 c=4 value=1080143 hex=00107b4f
C2_OUTPUT f=9 r=5 c=4 value=0 hex=00000000
C2_OUTPUT f=10 r=5 c=4 value=1125882 hex=00112dfa
C2_OUTPUT f=11 r=5 c=4 value=1505944 hex=0016fa98
C2_OUTPUT f=12 r=5 c=4 value=10197578 hex=009b9a4a
C2_OUTPUT f=13 r=5 c=4 value=0 hex=00000000
C2_OUTPUT f=14 r=5 c=4 value=0 hex=00000000
C2_OUTPUT f=15 r=5 c=4 value=6127653 hex=005d8025
C2_OUTPUT f=0 r=5 c=5 value=0 hex=00000000
C2_OUTPUT f=1 r=5 c=5 value=658008 hex=000a0a58
C2_OUTPUT f=2 r=5 c=5 value=0 hex=00000000
C2_OUTPUT f=3 r=5 c=5 value=17404443 hex=0109921b
C2_OUTPUT f=4 r=5 c=5 value=1839016 hex=001c0fa8
C2_OUTPUT f=5 r=5 c=5 value=0 hex=00000000
C2_OUTPUT f=6 r=5 c=5 value=0 hex=00000000
C2_OUTPUT f=7 r=5 c=5 value=3953128 hex=003c51e8
C2_OUTPUT f=8 r=5 c=5 value=0 hex=00000000
C2_OUTPUT f=9 r=5 c=5 value=0 hex=00000000
C2_OUTPUT f=10 r=5 c=5 value=0 hex=00000000
C2_OUTPUT f=11 r=5 c=5 value=2623663 hex=002808af
C2_OUTPUT f=12 r=5 c=5 value=7809190 hex=007728a6
C2_OUTPUT f=13 r=5 c=5 value=0 hex=00000000
C2_OUTPUT f=14 r=5 c=5 value=0 hex=00000000
C2_OUTPUT f=15 r=5 c=5 value=6424290 hex=006206e2
C2_OUTPUT f=0 r=5 c=6 value=0 hex=00000000
C2_OUTPUT f=1 r=5 c=6 value=1552147 hex=0017af13
C2_OUTPUT f=2 r=5 c=6 value=0 hex=00000000
C2_OUTPUT f=3 r=5 c=6 value=20007903 hex=01314bdf
C2_OUTPUT f=4 r=5 c=6 value=2119685 hex=00205805
C2_OUTPUT f=5 r=5 c=6 value=0 hex=00000000
C2_OUTPUT f=6 r=5 c=6 value=0 hex=00000000
C2_OUTPUT f=7 r=5 c=6 value=2996358 hex=002db886
C2_OUTPUT f=8 r=5 c=6 value=179091 hex=0002bb93
C2_OUTPUT f=9 r=5 c=6 value=0 hex=00000000
C2_OUTPUT f=10 r=5 c=6 value=8027 hex=00001f5b
C2_OUTPUT f=11 r=5 c=6 value=2908308 hex=002c6094
C2_OUTPUT f=12 r=5 c=6 value=5148833 hex=004e90a1
C2_OUTPUT f=13 r=5 c=6 value=0 hex=00000000
C2_OUTPUT f=14 r=5 c=6 value=0 hex=00000000
C2_OUTPUT f=15 r=5 c=6 value=5904705 hex=005a1941
C2_OUTPUT f=0 r=5 c=7 value=0 hex=00000000
C2_OUTPUT f=1 r=5 c=7 value=1998299 hex=001e7ddb
C2_OUTPUT f=2 r=5 c=7 value=0 hex=00000000
C2_OUTPUT f=3 r=5 c=7 value=18491309 hex=011a27ad
C2_OUTPUT f=4 r=5 c=7 value=3206799 hex=0030ee8f
C2_OUTPUT f=5 r=5 c=7 value=0 hex=00000000
C2_OUTPUT f=6 r=5 c=7 value=0 hex=00000000
C2_OUTPUT f=7 r=5 c=7 value=3409571 hex=003406a3
C2_OUTPUT f=8 r=5 c=7 value=292971 hex=0004786b
C2_OUTPUT f=9 r=5 c=7 value=0 hex=00000000
C2_OUTPUT f=10 r=5 c=7 value=3104446 hex=002f5ebe
C2_OUTPUT f=11 r=5 c=7 value=273366 hex=00042bd6
C2_OUTPUT f=12 r=5 c=7 value=3917400 hex=003bc658
C2_OUTPUT f=13 r=5 c=7 value=0 hex=00000000
C2_OUTPUT f=14 r=5 c=7 value=0 hex=00000000
C2_OUTPUT f=15 r=5 c=7 value=7076386 hex=006bfa22
C2_OUTPUT f=0 r=5 c=8 value=0 hex=00000000
C2_OUTPUT f=1 r=5 c=8 value=4046214 hex=003dbd86
C2_OUTPUT f=2 r=5 c=8 value=0 hex=00000000
C2_OUTPUT f=3 r=5 c=8 value=13206727 hex=00c984c7
C2_OUTPUT f=4 r=5 c=8 value=424744 hex=00067b28
C2_OUTPUT f=5 r=5 c=8 value=0 hex=00000000
C2_OUTPUT f=6 r=5 c=8 value=2234430 hex=0022183e
C2_OUTPUT f=7 r=5 c=8 value=5489667 hex=0053c403
C2_OUTPUT f=8 r=5 c=8 value=6554850 hex=006404e2
C2_OUTPUT f=9 r=5 c=8 value=0 hex=00000000
C2_OUTPUT f=10 r=5 c=8 value=0 hex=00000000
C2_OUTPUT f=11 r=5 c=8 value=0 hex=00000000
C2_OUTPUT f=12 r=5 c=8 value=1996756 hex=001e77d4
C2_OUTPUT f=13 r=5 c=8 value=0 hex=00000000
C2_OUTPUT f=14 r=5 c=8 value=0 hex=00000000
C2_OUTPUT f=15 r=5 c=8 value=8755783 hex=00859a47
C2_OUTPUT f=0 r=5 c=9 value=0 hex=00000000
C2_OUTPUT f=1 r=5 c=9 value=5609379 hex=005597a3
C2_OUTPUT f=2 r=5 c=9 value=0 hex=00000000
C2_OUTPUT f=3 r=5 c=9 value=2711179 hex=00295e8b
C2_OUTPUT f=4 r=5 c=9 value=3096877 hex=002f412d
C2_OUTPUT f=5 r=5 c=9 value=5414291 hex=00529d93
C2_OUTPUT f=6 r=5 c=9 value=0 hex=00000000
C2_OUTPUT f=7 r=5 c=9 value=11172561 hex=00aa7ad1
C2_OUTPUT f=8 r=5 c=9 value=6420266 hex=0061f72a
C2_OUTPUT f=9 r=5 c=9 value=0 hex=00000000
C2_OUTPUT f=10 r=5 c=9 value=0 hex=00000000
C2_OUTPUT f=11 r=5 c=9 value=0 hex=00000000
C2_OUTPUT f=12 r=5 c=9 value=475653 hex=00074205
C2_OUTPUT f=13 r=5 c=9 value=0 hex=00000000
C2_OUTPUT f=14 r=5 c=9 value=508793 hex=0007c379
C2_OUTPUT f=15 r=5 c=9 value=6799562 hex=0067c0ca
C2_OUTPUT f=0 r=5 c=10 value=0 hex=00000000
C2_OUTPUT f=1 r=5 c=10 value=3048200 hex=002e8308
C2_OUTPUT f=2 r=5 c=10 value=0 hex=00000000
C2_OUTPUT f=3 r=5 c=10 value=0 hex=00000000
C2_OUTPUT f=4 r=5 c=10 value=5433159 hex=0052e747
C2_OUTPUT f=5 r=5 c=10 value=3962875 hex=003c77fb
C2_OUTPUT f=6 r=5 c=10 value=0 hex=00000000
C2_OUTPUT f=7 r=5 c=10 value=4385036 hex=0042e90c
C2_OUTPUT f=8 r=5 c=10 value=0 hex=00000000
C2_OUTPUT f=9 r=5 c=10 value=6534651 hex=0063b5fb
C2_OUTPUT f=10 r=5 c=10 value=8559377 hex=00829b11
C2_OUTPUT f=11 r=5 c=10 value=4758814 hex=00489d1e
C2_OUTPUT f=12 r=5 c=10 value=0 hex=00000000
C2_OUTPUT f=13 r=5 c=10 value=1669880 hex=00197af8
C2_OUTPUT f=14 r=5 c=10 value=298278 hex=00048d26
C2_OUTPUT f=15 r=5 c=10 value=0 hex=00000000
C2_OUTPUT f=0 r=5 c=11 value=415572 hex=00065754
C2_OUTPUT f=1 r=5 c=11 value=993326 hex=000f282e
C2_OUTPUT f=2 r=5 c=11 value=0 hex=00000000
C2_OUTPUT f=3 r=5 c=11 value=1232133 hex=0012cd05
C2_OUTPUT f=4 r=5 c=11 value=0 hex=00000000
C2_OUTPUT f=5 r=5 c=11 value=0 hex=00000000
C2_OUTPUT f=6 r=5 c=11 value=0 hex=00000000
C2_OUTPUT f=7 r=5 c=11 value=0 hex=00000000
C2_OUTPUT f=8 r=5 c=11 value=0 hex=00000000
C2_OUTPUT f=9 r=5 c=11 value=0 hex=00000000
C2_OUTPUT f=10 r=5 c=11 value=8898960 hex=0087c990
C2_OUTPUT f=11 r=5 c=11 value=3397758 hex=0033d87e
C2_OUTPUT f=12 r=5 c=11 value=0 hex=00000000
C2_OUTPUT f=13 r=5 c=11 value=3440527 hex=00347f8f
C2_OUTPUT f=14 r=5 c=11 value=0 hex=00000000
C2_OUTPUT f=15 r=5 c=11 value=0 hex=00000000
C2_OUTPUT f=0 r=5 c=12 value=0 hex=00000000
C2_OUTPUT f=1 r=5 c=12 value=78116 hex=00013124
C2_OUTPUT f=2 r=5 c=12 value=0 hex=00000000
C2_OUTPUT f=3 r=5 c=12 value=572338 hex=0008bbb2
C2_OUTPUT f=4 r=5 c=12 value=92822 hex=00016a96
C2_OUTPUT f=5 r=5 c=12 value=0 hex=00000000
C2_OUTPUT f=6 r=5 c=12 value=0 hex=00000000
C2_OUTPUT f=7 r=5 c=12 value=250764 hex=0003d38c
C2_OUTPUT f=8 r=5 c=12 value=406869 hex=00063555
C2_OUTPUT f=9 r=5 c=12 value=76379 hex=00012a5b
C2_OUTPUT f=10 r=5 c=12 value=887915 hex=000d8c6b
C2_OUTPUT f=11 r=5 c=12 value=0 hex=00000000
C2_OUTPUT f=12 r=5 c=12 value=0 hex=00000000
C2_OUTPUT f=13 r=5 c=12 value=79809 hex=000137c1
C2_OUTPUT f=14 r=5 c=12 value=0 hex=00000000
C2_OUTPUT f=15 r=5 c=12 value=0 hex=00000000
C2_OUTPUT f=0 r=5 c=13 value=0 hex=00000000
C2_OUTPUT f=1 r=5 c=13 value=382588 hex=0005d67c
C2_OUTPUT f=2 r=5 c=13 value=0 hex=00000000
C2_OUTPUT f=3 r=5 c=13 value=0 hex=00000000
C2_OUTPUT f=4 r=5 c=13 value=108707 hex=0001a8a3
C2_OUTPUT f=5 r=5 c=13 value=303663 hex=0004a22f
C2_OUTPUT f=6 r=5 c=13 value=735476 hex=000b38f4
C2_OUTPUT f=7 r=5 c=13 value=385087 hex=0005e03f
C2_OUTPUT f=8 r=5 c=13 value=0 hex=00000000
C2_OUTPUT f=9 r=5 c=13 value=16277 hex=00003f95
C2_OUTPUT f=10 r=5 c=13 value=0 hex=00000000
C2_OUTPUT f=11 r=5 c=13 value=0 hex=00000000
C2_OUTPUT f=12 r=5 c=13 value=0 hex=00000000
C2_OUTPUT f=13 r=5 c=13 value=0 hex=00000000
C2_OUTPUT f=14 r=5 c=13 value=0 hex=00000000
C2_OUTPUT f=15 r=5 c=13 value=556587 hex=00087e2b
C2_OUTPUT f=0 r=6 c=0 value=5826 hex=000016c2
C2_OUTPUT f=1 r=6 c=0 value=4088 hex=00000ff8
C2_OUTPUT f=2 r=6 c=0 value=0 hex=00000000
C2_OUTPUT f=3 r=6 c=0 value=2731 hex=00000aab
C2_OUTPUT f=4 r=6 c=0 value=1050 hex=0000041a
C2_OUTPUT f=5 r=6 c=0 value=0 hex=00000000
C2_OUTPUT f=6 r=6 c=0 value=0 hex=00000000
C2_OUTPUT f=7 r=6 c=0 value=252 hex=000000fc
C2_OUTPUT f=8 r=6 c=0 value=541 hex=0000021d
C2_OUTPUT f=9 r=6 c=0 value=0 hex=00000000
C2_OUTPUT f=10 r=6 c=0 value=0 hex=00000000
C2_OUTPUT f=11 r=6 c=0 value=251 hex=000000fb
C2_OUTPUT f=12 r=6 c=0 value=7648 hex=00001de0
C2_OUTPUT f=13 r=6 c=0 value=6701 hex=00001a2d
C2_OUTPUT f=14 r=6 c=0 value=5906 hex=00001712
C2_OUTPUT f=15 r=6 c=0 value=2656 hex=00000a60
C2_OUTPUT f=0 r=6 c=1 value=0 hex=00000000
C2_OUTPUT f=1 r=6 c=1 value=130701 hex=0001fe8d
C2_OUTPUT f=2 r=6 c=1 value=0 hex=00000000
C2_OUTPUT f=3 r=6 c=1 value=54047 hex=0000d31f
C2_OUTPUT f=4 r=6 c=1 value=0 hex=00000000
C2_OUTPUT f=5 r=6 c=1 value=0 hex=00000000
C2_OUTPUT f=6 r=6 c=1 value=194209 hex=0002f6a1
C2_OUTPUT f=7 r=6 c=1 value=108209 hex=0001a6b1
C2_OUTPUT f=8 r=6 c=1 value=0 hex=00000000
C2_OUTPUT f=9 r=6 c=1 value=40258 hex=00009d42
C2_OUTPUT f=10 r=6 c=1 value=0 hex=00000000
C2_OUTPUT f=11 r=6 c=1 value=24923 hex=0000615b
C2_OUTPUT f=12 r=6 c=1 value=76040 hex=00012908
C2_OUTPUT f=13 r=6 c=1 value=111455 hex=0001b35f
C2_OUTPUT f=14 r=6 c=1 value=0 hex=00000000
C2_OUTPUT f=15 r=6 c=1 value=0 hex=00000000
C2_OUTPUT f=0 r=6 c=2 value=0 hex=00000000
C2_OUTPUT f=1 r=6 c=2 value=368868 hex=0005a0e4
C2_OUTPUT f=2 r=6 c=2 value=0 hex=00000000
C2_OUTPUT f=3 r=6 c=2 value=173378 hex=0002a542
C2_OUTPUT f=4 r=6 c=2 value=67924 hex=00010954
C2_OUTPUT f=5 r=6 c=2 value=0 hex=00000000
C2_OUTPUT f=6 r=6 c=2 value=354277 hex=000567e5
C2_OUTPUT f=7 r=6 c=2 value=327775 hex=0005005f
C2_OUTPUT f=8 r=6 c=2 value=0 hex=00000000
C2_OUTPUT f=9 r=6 c=2 value=5343 hex=000014df
C2_OUTPUT f=10 r=6 c=2 value=0 hex=00000000
C2_OUTPUT f=11 r=6 c=2 value=0 hex=00000000
C2_OUTPUT f=12 r=6 c=2 value=405634 hex=00063082
C2_OUTPUT f=13 r=6 c=2 value=267645 hex=0004157d
C2_OUTPUT f=14 r=6 c=2 value=0 hex=00000000
C2_OUTPUT f=15 r=6 c=2 value=0 hex=00000000
C2_OUTPUT f=0 r=6 c=3 value=0 hex=00000000
C2_OUTPUT f=1 r=6 c=3 value=374350 hex=0005b64e
C2_OUTPUT f=2 r=6 c=3 value=0 hex=00000000
C2_OUTPUT f=3 r=6 c=3 value=322785 hex=0004ece1
C2_OUTPUT f=4 r=6 c=3 value=401604 hex=000620c4
C2_OUTPUT f=5 r=6 c=3 value=0 hex=00000000
C2_OUTPUT f=6 r=6 c=3 value=0 hex=00000000
C2_OUTPUT f=7 r=6 c=3 value=616886 hex=000969b6
C2_OUTPUT f=8 r=6 c=3 value=0 hex=00000000
C2_OUTPUT f=9 r=6 c=3 value=0 hex=00000000
C2_OUTPUT f=10 r=6 c=3 value=0 hex=00000000
C2_OUTPUT f=11 r=6 c=3 value=0 hex=00000000
C2_OUTPUT f=12 r=6 c=3 value=1137393 hex=00115af1
C2_OUTPUT f=13 r=6 c=3 value=2980 hex=00000ba4
C2_OUTPUT f=14 r=6 c=3 value=0 hex=00000000
C2_OUTPUT f=15 r=6 c=3 value=537582 hex=000833ee
C2_OUTPUT f=0 r=6 c=4 value=0 hex=00000000
C2_OUTPUT f=1 r=6 c=4 value=264368 hex=000408b0
C2_OUTPUT f=2 r=6 c=4 value=0 hex=00000000
C2_OUTPUT f=3 r=6 c=4 value=688572 hex=000a81bc
C2_OUTPUT f=4 r=6 c=4 value=836759 hex=000cc497
C2_OUTPUT f=5 r=6 c=4 value=0 hex=00000000
C2_OUTPUT f=6 r=6 c=4 value=0 hex=00000000
C2_OUTPUT f=7 r=6 c=4 value=924410 hex=000e1afa
C2_OUTPUT f=8 r=6 c=4 value=51665 hex=0000c9d1
C2_OUTPUT f=9 r=6 c=4 value=0 hex=00000000
C2_OUTPUT f=10 r=6 c=4 value=0 hex=00000000
C2_OUTPUT f=11 r=6 c=4 value=187786 hex=0002dd8a
C2_OUTPUT f=12 r=6 c=4 value=2536108 hex=0026b2ac
C2_OUTPUT f=13 r=6 c=4 value=0 hex=00000000
C2_OUTPUT f=14 r=6 c=4 value=0 hex=00000000
C2_OUTPUT f=15 r=6 c=4 value=905368 hex=000dd098
C2_OUTPUT f=0 r=6 c=5 value=0 hex=00000000
C2_OUTPUT f=1 r=6 c=5 value=647927 hex=0009e2f7
C2_OUTPUT f=2 r=6 c=5 value=0 hex=00000000
C2_OUTPUT f=3 r=6 c=5 value=1353401 hex=0014a6b9
C2_OUTPUT f=4 r=6 c=5 value=955937 hex=000e9621
C2_OUTPUT f=5 r=6 c=5 value=0 hex=00000000
C2_OUTPUT f=6 r=6 c=5 value=0 hex=00000000
C2_OUTPUT f=7 r=6 c=5 value=1250378 hex=0013144a
C2_OUTPUT f=8 r=6 c=5 value=0 hex=00000000
C2_OUTPUT f=9 r=6 c=5 value=0 hex=00000000
C2_OUTPUT f=10 r=6 c=5 value=206896 hex=00032830
C2_OUTPUT f=11 r=6 c=5 value=825352 hex=000c9808
C2_OUTPUT f=12 r=6 c=5 value=3897826 hex=003b79e2
C2_OUTPUT f=13 r=6 c=5 value=0 hex=00000000
C2_OUTPUT f=14 r=6 c=5 value=0 hex=00000000
C2_OUTPUT f=15 r=6 c=5 value=1911347 hex=001d2a33
C2_OUTPUT f=0 r=6 c=6 value=0 hex=00000000
C2_OUTPUT f=1 r=6 c=6 value=216146 hex=00034c52
C2_OUTPUT f=2 r=6 c=6 value=0 hex=00000000
C2_OUTPUT f=3 r=6 c=6 value=1748401 hex=001aadb1
C2_OUTPUT f=4 r=6 c=6 value=2174632 hex=00212ea8
C2_OUTPUT f=5 r=6 c=6 value=0 hex=00000000
C2_OUTPUT f=6 r=6 c=6 value=0 hex=00000000
C2_OUTPUT f=7 r=6 c=6 value=1763177 hex=001ae769
C2_OUTPUT f=8 r=6 c=6 value=0 hex=00000000
C2_OUTPUT f=9 r=6 c=6 value=0 hex=00000000
C2_OUTPUT f=10 r=6 c=6 value=1988328 hex=001e56e8
C2_OUTPUT f=11 r=6 c=6 value=0 hex=00000000
C2_OUTPUT f=12 r=6 c=6 value=5198469 hex=004f5285
C2_OUTPUT f=13 r=6 c=6 value=0 hex=00000000
C2_OUTPUT f=14 r=6 c=6 value=0 hex=00000000
C2_OUTPUT f=15 r=6 c=6 value=3141039 hex=002fedaf
C2_OUTPUT f=0 r=6 c=7 value=0 hex=00000000
C2_OUTPUT f=1 r=6 c=7 value=1489633 hex=0016bae1
C2_OUTPUT f=2 r=6 c=7 value=0 hex=00000000
C2_OUTPUT f=3 r=6 c=7 value=0 hex=00000000
C2_OUTPUT f=4 r=6 c=7 value=850791 hex=000cfb67
C2_OUTPUT f=5 r=6 c=7 value=0 hex=00000000
C2_OUTPUT f=6 r=6 c=7 value=7000333 hex=006ad10d
C2_OUTPUT f=7 r=6 c=7 value=3600557 hex=0036f0ad
C2_OUTPUT f=8 r=6 c=7 value=3540894 hex=0036079e
C2_OUTPUT f=9 r=6 c=7 value=0 hex=00000000
C2_OUTPUT f=10 r=6 c=7 value=0 hex=00000000
C2_OUTPUT f=11 r=6 c=7 value=0 hex=00000000
C2_OUTPUT f=12 r=6 c=7 value=3601914 hex=0036f5fa
C2_OUTPUT f=13 r=6 c=7 value=0 hex=00000000
C2_OUTPUT f=14 r=6 c=7 value=849725 hex=000cf73d
C2_OUTPUT f=15 r=6 c=7 value=5003393 hex=004c5881
C2_OUTPUT f=0 r=6 c=8 value=0 hex=00000000
C2_OUTPUT f=1 r=6 c=8 value=5889842 hex=0059df32
C2_OUTPUT f=2 r=6 c=8 value=0 hex=00000000
C2_OUTPUT f=3 r=6 c=8 value=0 hex=00000000
C2_OUTPUT f=4 r=6 c=8 value=0 hex=00000000
C2_OUTPUT f=5 r=6 c=8 value=0 hex=00000000
C2_OUTPUT f=6 r=6 c=8 value=9918860 hex=0097598c
C2_OUTPUT f=7 r=6 c=8 value=10557187 hex=00a11703
C2_OUTPUT f=8 r=6 c=8 value=7202379 hex=006de64b
C2_OUTPUT f=9 r=6 c=8 value=0 hex=00000000
C2_OUTPUT f=10 r=6 c=8 value=0 hex=00000000
C2_OUTPUT f=11 r=6 c=8 value=0 hex=00000000
C2_OUTPUT f=12 r=6 c=8 value=1610104 hex=00189178
C2_OUTPUT f=13 r=6 c=8 value=0 hex=00000000
C2_OUTPUT f=14 r=6 c=8 value=0 hex=00000000
C2_OUTPUT f=15 r=6 c=8 value=4097348 hex=003e8544
C2_OUTPUT f=0 r=6 c=9 value=0 hex=00000000
C2_OUTPUT f=1 r=6 c=9 value=7293546 hex=006f4a6a
C2_OUTPUT f=2 r=6 c=9 value=0 hex=00000000
C2_OUTPUT f=3 r=6 c=9 value=0 hex=00000000
C2_OUTPUT f=4 r=6 c=9 value=6806447 hex=0067dbaf
C2_OUTPUT f=5 r=6 c=9 value=1596201 hex=00185b29
C2_OUTPUT f=6 r=6 c=9 value=0 hex=00000000
C2_OUTPUT f=7 r=6 c=9 value=11173053 hex=00aa7cbd
C2_OUTPUT f=8 r=6 c=9 value=0 hex=00000000
C2_OUTPUT f=9 r=6 c=9 value=2294433 hex=002302a1
C2_OUTPUT f=10 r=6 c=9 value=0 hex=00000000
C2_OUTPUT f=11 r=6 c=9 value=4989713 hex=004c2311
C2_OUTPUT f=12 r=6 c=9 value=0 hex=00000000
C2_OUTPUT f=13 r=6 c=9 value=0 hex=00000000
C2_OUTPUT f=14 r=6 c=9 value=3298382 hex=0032544e
C2_OUTPUT f=15 r=6 c=9 value=0 hex=00000000
C2_OUTPUT f=0 r=6 c=10 value=0 hex=00000000
C2_OUTPUT f=1 r=6 c=10 value=2228137 hex=0021ffa9
C2_OUTPUT f=2 r=6 c=10 value=560990 hex=00088f5e
C2_OUTPUT f=3 r=6 c=10 value=0 hex=00000000
C2_OUTPUT f=4 r=6 c=10 value=2813043 hex=002aec73
C2_OUTPUT f=5 r=6 c=10 value=2272111 hex=0022ab6f
C2_OUTPUT f=6 r=6 c=10 value=0 hex=00000000
C2_OUTPUT f=7 r=6 c=10 value=0 hex=00000000
C2_OUTPUT f=8 r=6 c=10 value=0 hex=00000000
C2_OUTPUT f=9 r=6 c=10 value=8855209 hex=00871ea9
C2_OUTPUT f=10 r=6 c=10 value=16819402 hex=0100a4ca
C2_OUTPUT f=11 r=6 c=10 value=6679644 hex=0065ec5c
C2_OUTPUT f=12 r=6 c=10 value=0 hex=00000000
C2_OUTPUT f=13 r=6 c=10 value=0 hex=00000000
C2_OUTPUT f=14 r=6 c=10 value=0 hex=00000000
C2_OUTPUT f=15 r=6 c=10 value=0 hex=00000000
C2_OUTPUT f=0 r=6 c=11 value=0 hex=00000000
C2_OUTPUT f=1 r=6 c=11 value=0 hex=00000000
C2_OUTPUT f=2 r=6 c=11 value=0 hex=00000000
C2_OUTPUT f=3 r=6 c=11 value=2407642 hex=0024bcda
C2_OUTPUT f=4 r=6 c=11 value=0 hex=00000000
C2_OUTPUT f=5 r=6 c=11 value=0 hex=00000000
C2_OUTPUT f=6 r=6 c=11 value=0 hex=00000000
C2_OUTPUT f=7 r=6 c=11 value=591376 hex=00090610
C2_OUTPUT f=8 r=6 c=11 value=0 hex=00000000
C2_OUTPUT f=9 r=6 c=11 value=136141 hex=000213cd
C2_OUTPUT f=10 r=6 c=11 value=4345621 hex=00424f15
C2_OUTPUT f=11 r=6 c=11 value=1406260 hex=00157534
C2_OUTPUT f=12 r=6 c=11 value=0 hex=00000000
C2_OUTPUT f=13 r=6 c=11 value=2221551 hex=0021e5ef
C2_OUTPUT f=14 r=6 c=11 value=0 hex=00000000
C2_OUTPUT f=15 r=6 c=11 value=0 hex=00000000
C2_OUTPUT f=0 r=6 c=12 value=0 hex=00000000
C2_OUTPUT f=1 r=6 c=12 value=0 hex=00000000
C2_OUTPUT f=2 r=6 c=12 value=0 hex=00000000
C2_OUTPUT f=3 r=6 c=12 value=35338 hex=00008a0a
C2_OUTPUT f=4 r=6 c=12 value=218159 hex=0003542f
C2_OUTPUT f=5 r=6 c=12 value=0 hex=00000000
C2_OUTPUT f=6 r=6 c=12 value=538543 hex=000837af
C2_OUTPUT f=7 r=6 c=12 value=579698 hex=0008d872
C2_OUTPUT f=8 r=6 c=12 value=214272 hex=00034500
C2_OUTPUT f=9 r=6 c=12 value=97593 hex=00017d39
C2_OUTPUT f=10 r=6 c=12 value=244076 hex=0003b96c
C2_OUTPUT f=11 r=6 c=12 value=0 hex=00000000
C2_OUTPUT f=12 r=6 c=12 value=0 hex=00000000
C2_OUTPUT f=13 r=6 c=12 value=0 hex=00000000
C2_OUTPUT f=14 r=6 c=12 value=0 hex=00000000
C2_OUTPUT f=15 r=6 c=12 value=0 hex=00000000
C2_OUTPUT f=0 r=6 c=13 value=0 hex=00000000
C2_OUTPUT f=1 r=6 c=13 value=382588 hex=0005d67c
C2_OUTPUT f=2 r=6 c=13 value=0 hex=00000000
C2_OUTPUT f=3 r=6 c=13 value=0 hex=00000000
C2_OUTPUT f=4 r=6 c=13 value=108707 hex=0001a8a3
C2_OUTPUT f=5 r=6 c=13 value=303663 hex=0004a22f
C2_OUTPUT f=6 r=6 c=13 value=735476 hex=000b38f4
C2_OUTPUT f=7 r=6 c=13 value=385087 hex=0005e03f
C2_OUTPUT f=8 r=6 c=13 value=0 hex=00000000
C2_OUTPUT f=9 r=6 c=13 value=16277 hex=00003f95
C2_OUTPUT f=10 r=6 c=13 value=0 hex=00000000
C2_OUTPUT f=11 r=6 c=13 value=0 hex=00000000
C2_OUTPUT f=12 r=6 c=13 value=0 hex=00000000
C2_OUTPUT f=13 r=6 c=13 value=0 hex=00000000
C2_OUTPUT f=14 r=6 c=13 value=0 hex=00000000
C2_OUTPUT f=15 r=6 c=13 value=556587 hex=00087e2b
C2_OUTPUT f=0 r=7 c=0 value=5826 hex=000016c2
C2_OUTPUT f=1 r=7 c=0 value=4088 hex=00000ff8
C2_OUTPUT f=2 r=7 c=0 value=0 hex=00000000
C2_OUTPUT f=3 r=7 c=0 value=2731 hex=00000aab
C2_OUTPUT f=4 r=7 c=0 value=1050 hex=0000041a
C2_OUTPUT f=5 r=7 c=0 value=0 hex=00000000
C2_OUTPUT f=6 r=7 c=0 value=0 hex=00000000
C2_OUTPUT f=7 r=7 c=0 value=252 hex=000000fc
C2_OUTPUT f=8 r=7 c=0 value=541 hex=0000021d
C2_OUTPUT f=9 r=7 c=0 value=0 hex=00000000
C2_OUTPUT f=10 r=7 c=0 value=0 hex=00000000
C2_OUTPUT f=11 r=7 c=0 value=251 hex=000000fb
C2_OUTPUT f=12 r=7 c=0 value=7648 hex=00001de0
C2_OUTPUT f=13 r=7 c=0 value=6701 hex=00001a2d
C2_OUTPUT f=14 r=7 c=0 value=5906 hex=00001712
C2_OUTPUT f=15 r=7 c=0 value=2656 hex=00000a60
C2_OUTPUT f=0 r=7 c=1 value=7314 hex=00001c92
C2_OUTPUT f=1 r=7 c=1 value=6444 hex=0000192c
C2_OUTPUT f=2 r=7 c=1 value=0 hex=00000000
C2_OUTPUT f=3 r=7 c=1 value=2018 hex=000007e2
C2_OUTPUT f=4 r=7 c=1 value=3840 hex=00000f00
C2_OUTPUT f=5 r=7 c=1 value=0 hex=00000000
C2_OUTPUT f=6 r=7 c=1 value=0 hex=00000000
C2_OUTPUT f=7 r=7 c=1 value=1988 hex=000007c4
C2_OUTPUT f=8 r=7 c=1 value=2122 hex=0000084a
C2_OUTPUT f=9 r=7 c=1 value=0 hex=00000000
C2_OUTPUT f=10 r=7 c=1 value=0 hex=00000000
C2_OUTPUT f=11 r=7 c=1 value=1770 hex=000006ea
C2_OUTPUT f=12 r=7 c=1 value=12887 hex=00003257
C2_OUTPUT f=13 r=7 c=1 value=10359 hex=00002877
C2_OUTPUT f=14 r=7 c=1 value=6092 hex=000017cc
C2_OUTPUT f=15 r=7 c=1 value=2935 hex=00000b77
C2_OUTPUT f=0 r=7 c=2 value=7314 hex=00001c92
C2_OUTPUT f=1 r=7 c=2 value=6444 hex=0000192c
C2_OUTPUT f=2 r=7 c=2 value=0 hex=00000000
C2_OUTPUT f=3 r=7 c=2 value=2018 hex=000007e2
C2_OUTPUT f=4 r=7 c=2 value=3840 hex=00000f00
C2_OUTPUT f=5 r=7 c=2 value=0 hex=00000000
C2_OUTPUT f=6 r=7 c=2 value=0 hex=00000000
C2_OUTPUT f=7 r=7 c=2 value=1988 hex=000007c4
C2_OUTPUT f=8 r=7 c=2 value=2122 hex=0000084a
C2_OUTPUT f=9 r=7 c=2 value=0 hex=00000000
C2_OUTPUT f=10 r=7 c=2 value=0 hex=00000000
C2_OUTPUT f=11 r=7 c=2 value=1770 hex=000006ea
C2_OUTPUT f=12 r=7 c=2 value=12887 hex=00003257
C2_OUTPUT f=13 r=7 c=2 value=10359 hex=00002877
C2_OUTPUT f=14 r=7 c=2 value=6092 hex=000017cc
C2_OUTPUT f=15 r=7 c=2 value=2935 hex=00000b77
C2_OUTPUT f=0 r=7 c=3 value=7314 hex=00001c92
C2_OUTPUT f=1 r=7 c=3 value=6444 hex=0000192c
C2_OUTPUT f=2 r=7 c=3 value=0 hex=00000000
C2_OUTPUT f=3 r=7 c=3 value=2018 hex=000007e2
C2_OUTPUT f=4 r=7 c=3 value=3840 hex=00000f00
C2_OUTPUT f=5 r=7 c=3 value=0 hex=00000000
C2_OUTPUT f=6 r=7 c=3 value=0 hex=00000000
C2_OUTPUT f=7 r=7 c=3 value=1988 hex=000007c4
C2_OUTPUT f=8 r=7 c=3 value=2122 hex=0000084a
C2_OUTPUT f=9 r=7 c=3 value=0 hex=00000000
C2_OUTPUT f=10 r=7 c=3 value=0 hex=00000000
C2_OUTPUT f=11 r=7 c=3 value=1770 hex=000006ea
C2_OUTPUT f=12 r=7 c=3 value=12887 hex=00003257
C2_OUTPUT f=13 r=7 c=3 value=10359 hex=00002877
C2_OUTPUT f=14 r=7 c=3 value=6092 hex=000017cc
C2_OUTPUT f=15 r=7 c=3 value=2935 hex=00000b77
C2_OUTPUT f=0 r=7 c=4 value=7314 hex=00001c92
C2_OUTPUT f=1 r=7 c=4 value=6444 hex=0000192c
C2_OUTPUT f=2 r=7 c=4 value=0 hex=00000000
C2_OUTPUT f=3 r=7 c=4 value=2018 hex=000007e2
C2_OUTPUT f=4 r=7 c=4 value=3840 hex=00000f00
C2_OUTPUT f=5 r=7 c=4 value=0 hex=00000000
C2_OUTPUT f=6 r=7 c=4 value=0 hex=00000000
C2_OUTPUT f=7 r=7 c=4 value=1988 hex=000007c4
C2_OUTPUT f=8 r=7 c=4 value=2122 hex=0000084a
C2_OUTPUT f=9 r=7 c=4 value=0 hex=00000000
C2_OUTPUT f=10 r=7 c=4 value=0 hex=00000000
C2_OUTPUT f=11 r=7 c=4 value=1770 hex=000006ea
C2_OUTPUT f=12 r=7 c=4 value=12887 hex=00003257
C2_OUTPUT f=13 r=7 c=4 value=10359 hex=00002877
C2_OUTPUT f=14 r=7 c=4 value=6092 hex=000017cc
C2_OUTPUT f=15 r=7 c=4 value=2935 hex=00000b77
C2_OUTPUT f=0 r=7 c=5 value=137719 hex=000219f7
C2_OUTPUT f=1 r=7 c=5 value=16376 hex=00003ff8
C2_OUTPUT f=2 r=7 c=5 value=0 hex=00000000
C2_OUTPUT f=3 r=7 c=5 value=0 hex=00000000
C2_OUTPUT f=4 r=7 c=5 value=180337 hex=0002c071
C2_OUTPUT f=5 r=7 c=5 value=29216 hex=00007220
C2_OUTPUT f=6 r=7 c=5 value=143331 hex=00022fe3
C2_OUTPUT f=7 r=7 c=5 value=24604 hex=0000601c
C2_OUTPUT f=8 r=7 c=5 value=0 hex=00000000
C2_OUTPUT f=9 r=7 c=5 value=0 hex=00000000
C2_OUTPUT f=10 r=7 c=5 value=148861 hex=0002457d
C2_OUTPUT f=11 r=7 c=5 value=0 hex=00000000
C2_OUTPUT f=12 r=7 c=5 value=0 hex=00000000
C2_OUTPUT f=13 r=7 c=5 value=32978 hex=000080d2
C2_OUTPUT f=14 r=7 c=5 value=138969 hex=00021ed9
C2_OUTPUT f=15 r=7 c=5 value=173866 hex=0002a72a
C2_OUTPUT f=0 r=7 c=6 value=107169 hex=0001a2a1
C2_OUTPUT f=1 r=7 c=6 value=0 hex=00000000
C2_OUTPUT f=2 r=7 c=6 value=0 hex=00000000
C2_OUTPUT f=3 r=7 c=6 value=0 hex=00000000
C2_OUTPUT f=4 r=7 c=6 value=1958856 hex=001de3c8
C2_OUTPUT f=5 r=7 c=6 value=0 hex=00000000
C2_OUTPUT f=6 r=7 c=6 value=4316481 hex=0041dd41
C2_OUTPUT f=7 r=7 c=6 value=1003352 hex=000f4f58
C2_OUTPUT f=8 r=7 c=6 value=1133344 hex=00114b20
C2_OUTPUT f=9 r=7 c=6 value=634854 hex=0009afe6
C2_OUTPUT f=10 r=7 c=6 value=970495 hex=000eceff
C2_OUTPUT f=11 r=7 c=6 value=0 hex=00000000
C2_OUTPUT f=12 r=7 c=6 value=0 hex=00000000
C2_OUTPUT f=13 r=7 c=6 value=0 hex=00000000
C2_OUTPUT f=14 r=7 c=6 value=2520276 hex=002674d4
C2_OUTPUT f=15 r=7 c=6 value=1333975 hex=00145ad7
C2_OUTPUT f=0 r=7 c=7 value=0 hex=00000000
C2_OUTPUT f=1 r=7 c=7 value=3223428 hex=00312f84
C2_OUTPUT f=2 r=7 c=7 value=0 hex=00000000
C2_OUTPUT f=3 r=7 c=7 value=0 hex=00000000
C2_OUTPUT f=4 r=7 c=7 value=0 hex=00000000
C2_OUTPUT f=5 r=7 c=7 value=0 hex=00000000
C2_OUTPUT f=6 r=7 c=7 value=15899632 hex=00f29bf0
C2_OUTPUT f=7 r=7 c=7 value=6346121 hex=0060d589
C2_OUTPUT f=8 r=7 c=7 value=5313276 hex=005112fc
C2_OUTPUT f=9 r=7 c=7 value=0 hex=00000000
C2_OUTPUT f=10 r=7 c=7 value=0 hex=00000000
C2_OUTPUT f=11 r=7 c=7 value=0 hex=00000000
C2_OUTPUT f=12 r=7 c=7 value=0 hex=00000000
C2_OUTPUT f=13 r=7 c=7 value=0 hex=00000000
C2_OUTPUT f=14 r=7 c=7 value=2424302 hex=0024fdee
C2_OUTPUT f=15 r=7 c=7 value=2005316 hex=001e9944
C2_OUTPUT f=0 r=7 c=8 value=0 hex=00000000
C2_OUTPUT f=1 r=7 c=8 value=7759118 hex=0076650e
C2_OUTPUT f=2 r=7 c=8 value=0 hex=00000000
C2_OUTPUT f=3 r=7 c=8 value=0 hex=00000000
C2_OUTPUT f=4 r=7 c=8 value=3878785 hex=003b2f81
C2_OUTPUT f=5 r=7 c=8 value=0 hex=00000000
C2_OUTPUT f=6 r=7 c=8 value=4423327 hex=00437e9f
C2_OUTPUT f=7 r=7 c=8 value=12929870 hex=00c54b4e
C2_OUTPUT f=8 r=7 c=8 value=0 hex=00000000
C2_OUTPUT f=9 r=7 c=8 value=0 hex=00000000
C2_OUTPUT f=10 r=7 c=8 value=0 hex=00000000
C2_OUTPUT f=11 r=7 c=8 value=0 hex=00000000
C2_OUTPUT f=12 r=7 c=8 value=0 hex=00000000
C2_OUTPUT f=13 r=7 c=8 value=0 hex=00000000
C2_OUTPUT f=14 r=7 c=8 value=3042663 hex=002e6d67
C2_OUTPUT f=15 r=7 c=8 value=607841 hex=00094661
C2_OUTPUT f=0 r=7 c=9 value=0 hex=00000000
C2_OUTPUT f=1 r=7 c=9 value=6978831 hex=006a7d0f
C2_OUTPUT f=2 r=7 c=9 value=0 hex=00000000
C2_OUTPUT f=3 r=7 c=9 value=0 hex=00000000
C2_OUTPUT f=4 r=7 c=9 value=4984249 hex=004c0db9
C2_OUTPUT f=5 r=7 c=9 value=1774460 hex=001b137c
C2_OUTPUT f=6 r=7 c=9 value=0 hex=00000000
C2_OUTPUT f=7 r=7 c=9 value=4732097 hex=004834c1
C2_OUTPUT f=8 r=7 c=9 value=0 hex=00000000
C2_OUTPUT f=9 r=7 c=9 value=9441195 hex=00900fab
C2_OUTPUT f=10 r=7 c=9 value=13717535 hex=00d1501f
C2_OUTPUT f=11 r=7 c=9 value=6949520 hex=006a0a90
C2_OUTPUT f=12 r=7 c=9 value=0 hex=00000000
C2_OUTPUT f=13 r=7 c=9 value=0 hex=00000000
C2_OUTPUT f=14 r=7 c=9 value=1509327 hex=001707cf
C2_OUTPUT f=15 r=7 c=9 value=0 hex=00000000
C2_OUTPUT f=0 r=7 c=10 value=0 hex=00000000
C2_OUTPUT f=1 r=7 c=10 value=1282948 hex=00139384
C2_OUTPUT f=2 r=7 c=10 value=0 hex=00000000
C2_OUTPUT f=3 r=7 c=10 value=1899818 hex=001cfd2a
C2_OUTPUT f=4 r=7 c=10 value=0 hex=00000000
C2_OUTPUT f=5 r=7 c=10 value=0 hex=00000000
C2_OUTPUT f=6 r=7 c=10 value=0 hex=00000000
C2_OUTPUT f=7 r=7 c=10 value=0 hex=00000000
C2_OUTPUT f=8 r=7 c=10 value=0 hex=00000000
C2_OUTPUT f=9 r=7 c=10 value=4699967 hex=0047b73f
C2_OUTPUT f=10 r=7 c=10 value=13733045 hex=00d18cb5
C2_OUTPUT f=11 r=7 c=10 value=3515756 hex=0035a56c
C2_OUTPUT f=12 r=7 c=10 value=1853914 hex=001c49da
C2_OUTPUT f=13 r=7 c=10 value=1180043 hex=0012018b
C2_OUTPUT f=14 r=7 c=10 value=0 hex=00000000
C2_OUTPUT f=15 r=7 c=10 value=194156 hex=0002f66c
C2_OUTPUT f=0 r=7 c=11 value=0 hex=00000000
C2_OUTPUT f=1 r=7 c=11 value=0 hex=00000000
C2_OUTPUT f=2 r=7 c=11 value=0 hex=00000000
C2_OUTPUT f=3 r=7 c=11 value=1991781 hex=001e6465
C2_OUTPUT f=4 r=7 c=11 value=0 hex=00000000
C2_OUTPUT f=5 r=7 c=11 value=0 hex=00000000
C2_OUTPUT f=6 r=7 c=11 value=0 hex=00000000
C2_OUTPUT f=7 r=7 c=11 value=960448 hex=000ea7c0
C2_OUTPUT f=8 r=7 c=11 value=657690 hex=000a091a
C2_OUTPUT f=9 r=7 c=11 value=103598 hex=000194ae
C2_OUTPUT f=10 r=7 c=11 value=778343 hex=000be067
C2_OUTPUT f=11 r=7 c=11 value=0 hex=00000000
C2_OUTPUT f=12 r=7 c=11 value=512991 hex=0007d3df
C2_OUTPUT f=13 r=7 c=11 value=1234150 hex=0012d4e6
C2_OUTPUT f=14 r=7 c=11 value=0 hex=00000000
C2_OUTPUT f=15 r=7 c=11 value=81233 hex=00013d51
C2_OUTPUT f=0 r=7 c=12 value=0 hex=00000000
C2_OUTPUT f=1 r=7 c=12 value=90385 hex=00016111
C2_OUTPUT f=2 r=7 c=12 value=0 hex=00000000
C2_OUTPUT f=3 r=7 c=12 value=0 hex=00000000
C2_OUTPUT f=4 r=7 c=12 value=305218 hex=0004a842
C2_OUTPUT f=5 r=7 c=12 value=0 hex=00000000
C2_OUTPUT f=6 r=7 c=12 value=632654 hex=0009a74e
C2_OUTPUT f=7 r=7 c=12 value=384603 hex=0005de5b
C2_OUTPUT f=8 r=7 c=12 value=19808 hex=00004d60
C2_OUTPUT f=9 r=7 c=12 value=61302 hex=0000ef76
C2_OUTPUT f=10 r=7 c=12 value=103236 hex=00019344
C2_OUTPUT f=11 r=7 c=12 value=0 hex=00000000
C2_OUTPUT f=12 r=7 c=12 value=0 hex=00000000
C2_OUTPUT f=13 r=7 c=12 value=0 hex=00000000
C2_OUTPUT f=14 r=7 c=12 value=125947 hex=0001ebfb
C2_OUTPUT f=15 r=7 c=12 value=0 hex=00000000
C2_OUTPUT f=0 r=7 c=13 value=0 hex=00000000
C2_OUTPUT f=1 r=7 c=13 value=382588 hex=0005d67c
C2_OUTPUT f=2 r=7 c=13 value=0 hex=00000000
C2_OUTPUT f=3 r=7 c=13 value=0 hex=00000000
C2_OUTPUT f=4 r=7 c=13 value=108707 hex=0001a8a3
C2_OUTPUT f=5 r=7 c=13 value=303663 hex=0004a22f
C2_OUTPUT f=6 r=7 c=13 value=735476 hex=000b38f4
C2_OUTPUT f=7 r=7 c=13 value=385087 hex=0005e03f
C2_OUTPUT f=8 r=7 c=13 value=0 hex=00000000
C2_OUTPUT f=9 r=7 c=13 value=16277 hex=00003f95
C2_OUTPUT f=10 r=7 c=13 value=0 hex=00000000
C2_OUTPUT f=11 r=7 c=13 value=0 hex=00000000
C2_OUTPUT f=12 r=7 c=13 value=0 hex=00000000
C2_OUTPUT f=13 r=7 c=13 value=0 hex=00000000
C2_OUTPUT f=14 r=7 c=13 value=0 hex=00000000
C2_OUTPUT f=15 r=7 c=13 value=556587 hex=00087e2b
C2_OUTPUT f=0 r=8 c=0 value=5826 hex=000016c2
C2_OUTPUT f=1 r=8 c=0 value=4088 hex=00000ff8
C2_OUTPUT f=2 r=8 c=0 value=0 hex=00000000
C2_OUTPUT f=3 r=8 c=0 value=2731 hex=00000aab
C2_OUTPUT f=4 r=8 c=0 value=1050 hex=0000041a
C2_OUTPUT f=5 r=8 c=0 value=0 hex=00000000
C2_OUTPUT f=6 r=8 c=0 value=0 hex=00000000
C2_OUTPUT f=7 r=8 c=0 value=252 hex=000000fc
C2_OUTPUT f=8 r=8 c=0 value=541 hex=0000021d
C2_OUTPUT f=9 r=8 c=0 value=0 hex=00000000
C2_OUTPUT f=10 r=8 c=0 value=0 hex=00000000
C2_OUTPUT f=11 r=8 c=0 value=251 hex=000000fb
C2_OUTPUT f=12 r=8 c=0 value=7648 hex=00001de0
C2_OUTPUT f=13 r=8 c=0 value=6701 hex=00001a2d
C2_OUTPUT f=14 r=8 c=0 value=5906 hex=00001712
C2_OUTPUT f=15 r=8 c=0 value=2656 hex=00000a60
C2_OUTPUT f=0 r=8 c=1 value=7314 hex=00001c92
C2_OUTPUT f=1 r=8 c=1 value=6444 hex=0000192c
C2_OUTPUT f=2 r=8 c=1 value=0 hex=00000000
C2_OUTPUT f=3 r=8 c=1 value=2018 hex=000007e2
C2_OUTPUT f=4 r=8 c=1 value=3840 hex=00000f00
C2_OUTPUT f=5 r=8 c=1 value=0 hex=00000000
C2_OUTPUT f=6 r=8 c=1 value=0 hex=00000000
C2_OUTPUT f=7 r=8 c=1 value=1988 hex=000007c4
C2_OUTPUT f=8 r=8 c=1 value=2122 hex=0000084a
C2_OUTPUT f=9 r=8 c=1 value=0 hex=00000000
C2_OUTPUT f=10 r=8 c=1 value=0 hex=00000000
C2_OUTPUT f=11 r=8 c=1 value=1770 hex=000006ea
C2_OUTPUT f=12 r=8 c=1 value=12887 hex=00003257
C2_OUTPUT f=13 r=8 c=1 value=10359 hex=00002877
C2_OUTPUT f=14 r=8 c=1 value=6092 hex=000017cc
C2_OUTPUT f=15 r=8 c=1 value=2935 hex=00000b77
C2_OUTPUT f=0 r=8 c=2 value=7314 hex=00001c92
C2_OUTPUT f=1 r=8 c=2 value=6444 hex=0000192c
C2_OUTPUT f=2 r=8 c=2 value=0 hex=00000000
C2_OUTPUT f=3 r=8 c=2 value=2018 hex=000007e2
C2_OUTPUT f=4 r=8 c=2 value=3840 hex=00000f00
C2_OUTPUT f=5 r=8 c=2 value=0 hex=00000000
C2_OUTPUT f=6 r=8 c=2 value=0 hex=00000000
C2_OUTPUT f=7 r=8 c=2 value=1988 hex=000007c4
C2_OUTPUT f=8 r=8 c=2 value=2122 hex=0000084a
C2_OUTPUT f=9 r=8 c=2 value=0 hex=00000000
C2_OUTPUT f=10 r=8 c=2 value=0 hex=00000000
C2_OUTPUT f=11 r=8 c=2 value=1770 hex=000006ea
C2_OUTPUT f=12 r=8 c=2 value=12887 hex=00003257
C2_OUTPUT f=13 r=8 c=2 value=10359 hex=00002877
C2_OUTPUT f=14 r=8 c=2 value=6092 hex=000017cc
C2_OUTPUT f=15 r=8 c=2 value=2935 hex=00000b77
C2_OUTPUT f=0 r=8 c=3 value=7314 hex=00001c92
C2_OUTPUT f=1 r=8 c=3 value=6444 hex=0000192c
C2_OUTPUT f=2 r=8 c=3 value=0 hex=00000000
C2_OUTPUT f=3 r=8 c=3 value=2018 hex=000007e2
C2_OUTPUT f=4 r=8 c=3 value=3840 hex=00000f00
C2_OUTPUT f=5 r=8 c=3 value=0 hex=00000000
C2_OUTPUT f=6 r=8 c=3 value=0 hex=00000000
C2_OUTPUT f=7 r=8 c=3 value=1988 hex=000007c4
C2_OUTPUT f=8 r=8 c=3 value=2122 hex=0000084a
C2_OUTPUT f=9 r=8 c=3 value=0 hex=00000000
C2_OUTPUT f=10 r=8 c=3 value=0 hex=00000000
C2_OUTPUT f=11 r=8 c=3 value=1770 hex=000006ea
C2_OUTPUT f=12 r=8 c=3 value=12887 hex=00003257
C2_OUTPUT f=13 r=8 c=3 value=10359 hex=00002877
C2_OUTPUT f=14 r=8 c=3 value=6092 hex=000017cc
C2_OUTPUT f=15 r=8 c=3 value=2935 hex=00000b77
C2_OUTPUT f=0 r=8 c=4 value=8614 hex=000021a6
C2_OUTPUT f=1 r=8 c=4 value=7844 hex=00001ea4
C2_OUTPUT f=2 r=8 c=4 value=0 hex=00000000
C2_OUTPUT f=3 r=8 c=4 value=1718 hex=000006b6
C2_OUTPUT f=4 r=8 c=4 value=3790 hex=00000ece
C2_OUTPUT f=5 r=8 c=4 value=0 hex=00000000
C2_OUTPUT f=6 r=8 c=4 value=0 hex=00000000
C2_OUTPUT f=7 r=8 c=4 value=1738 hex=000006ca
C2_OUTPUT f=8 r=8 c=4 value=2872 hex=00000b38
C2_OUTPUT f=9 r=8 c=4 value=302 hex=0000012e
C2_OUTPUT f=10 r=8 c=4 value=0 hex=00000000
C2_OUTPUT f=11 r=8 c=4 value=0 hex=00000000
C2_OUTPUT f=12 r=8 c=4 value=16387 hex=00004003
C2_OUTPUT f=13 r=8 c=4 value=11709 hex=00002dbd
C2_OUTPUT f=14 r=8 c=4 value=7642 hex=00001dda
C2_OUTPUT f=15 r=8 c=4 value=4035 hex=00000fc3
C2_OUTPUT f=0 r=8 c=5 value=762542 hex=000ba2ae
C2_OUTPUT f=1 r=8 c=5 value=0 hex=00000000
C2_OUTPUT f=2 r=8 c=5 value=0 hex=00000000
C2_OUTPUT f=3 r=8 c=5 value=0 hex=00000000
C2_OUTPUT f=4 r=8 c=5 value=2077395 hex=001fb2d3
C2_OUTPUT f=5 r=8 c=5 value=0 hex=00000000
C2_OUTPUT f=6 r=8 c=5 value=2261353 hex=00228169
C2_OUTPUT f=7 r=8 c=5 value=886001 hex=000d84f1
C2_OUTPUT f=8 r=8 c=5 value=7374 hex=00001cce
C2_OUTPUT f=9 r=8 c=5 value=114284 hex=0001be6c
C2_OUTPUT f=10 r=8 c=5 value=1736677 hex=001a7fe5
C2_OUTPUT f=11 r=8 c=5 value=0 hex=00000000
C2_OUTPUT f=12 r=8 c=5 value=61909 hex=0000f1d5
C2_OUTPUT f=13 r=8 c=5 value=0 hex=00000000
C2_OUTPUT f=14 r=8 c=5 value=2030809 hex=001efcd9
C2_OUTPUT f=15 r=8 c=5 value=846584 hex=000ceaf8
C2_OUTPUT f=0 r=8 c=6 value=0 hex=00000000
C2_OUTPUT f=1 r=8 c=6 value=2170228 hex=00211d74
C2_OUTPUT f=2 r=8 c=6 value=0 hex=00000000
C2_OUTPUT f=3 r=8 c=6 value=0 hex=00000000
C2_OUTPUT f=4 r=8 c=6 value=0 hex=00000000
C2_OUTPUT f=5 r=8 c=6 value=0 hex=00000000
C2_OUTPUT f=6 r=8 c=6 value=10770778 hex=00a4595a
C2_OUTPUT f=7 r=8 c=6 value=2727007 hex=00299c5f
C2_OUTPUT f=8 r=8 c=6 value=4787109 hex=00490ba5
C2_OUTPUT f=9 r=8 c=6 value=937225 hex=000e4d09
C2_OUTPUT f=10 r=8 c=6 value=0 hex=00000000
C2_OUTPUT f=11 r=8 c=6 value=0 hex=00000000
C2_OUTPUT f=12 r=8 c=6 value=0 hex=00000000
C2_OUTPUT f=13 r=8 c=6 value=0 hex=00000000
C2_OUTPUT f=14 r=8 c=6 value=2035284 hex=001f0e54
C2_OUTPUT f=15 r=8 c=6 value=2517347 hex=00266963
C2_OUTPUT f=0 r=8 c=7 value=0 hex=00000000
C2_OUTPUT f=1 r=8 c=7 value=6815122 hex=0067fd92
C2_OUTPUT f=2 r=8 c=7 value=0 hex=00000000
C2_OUTPUT f=3 r=8 c=7 value=0 hex=00000000
C2_OUTPUT f=4 r=8 c=7 value=0 hex=00000000
C2_OUTPUT f=5 r=8 c=7 value=0 hex=00000000
C2_OUTPUT f=6 r=8 c=7 value=10842893 hex=00a5730d
C2_OUTPUT f=7 r=8 c=7 value=11437767 hex=00ae86c7
C2_OUTPUT f=8 r=8 c=7 value=5366421 hex=0051e295
C2_OUTPUT f=9 r=8 c=7 value=0 hex=00000000
C2_OUTPUT f=10 r=8 c=7 value=0 hex=00000000
C2_OUTPUT f=11 r=8 c=7 value=0 hex=00000000
C2_OUTPUT f=12 r=8 c=7 value=0 hex=00000000
C2_OUTPUT f=13 r=8 c=7 value=0 hex=00000000
C2_OUTPUT f=14 r=8 c=7 value=1836643 hex=001c0663
C2_OUTPUT f=15 r=8 c=7 value=0 hex=00000000
C2_OUTPUT f=0 r=8 c=8 value=0 hex=00000000
C2_OUTPUT f=1 r=8 c=8 value=8089835 hex=007b70eb
C2_OUTPUT f=2 r=8 c=8 value=121545 hex=0001dac9
C2_OUTPUT f=3 r=8 c=8 value=0 hex=00000000
C2_OUTPUT f=4 r=8 c=8 value=6339422 hex=0060bb5e
C2_OUTPUT f=5 r=8 c=8 value=0 hex=00000000
C2_OUTPUT f=6 r=8 c=8 value=0 hex=00000000
C2_OUTPUT f=7 r=8 c=8 value=9433142 hex=008ff036
C2_OUTPUT f=8 r=8 c=8 value=0 hex=00000000
C2_OUTPUT f=9 r=8 c=8 value=3155427 hex=003025e3
C2_OUTPUT f=10 r=8 c=8 value=0 hex=00000000
C2_OUTPUT f=11 r=8 c=8 value=5345511 hex=005190e7
C2_OUTPUT f=12 r=8 c=8 value=0 hex=00000000
C2_OUTPUT f=13 r=8 c=8 value=0 hex=00000000
C2_OUTPUT f=14 r=8 c=8 value=4295238 hex=00418a46
C2_OUTPUT f=15 r=8 c=8 value=0 hex=00000000
C2_OUTPUT f=0 r=8 c=9 value=0 hex=00000000
C2_OUTPUT f=1 r=8 c=9 value=2189821 hex=002169fd
C2_OUTPUT f=2 r=8 c=9 value=0 hex=00000000
C2_OUTPUT f=3 r=8 c=9 value=1359728 hex=0014bf70
C2_OUTPUT f=4 r=8 c=9 value=2341408 hex=0023ba20
C2_OUTPUT f=5 r=8 c=9 value=1442172 hex=0016017c
C2_OUTPUT f=6 r=8 c=9 value=0 hex=00000000
C2_OUTPUT f=7 r=8 c=9 value=31722 hex=00007bea
C2_OUTPUT f=8 r=8 c=9 value=0 hex=00000000
C2_OUTPUT f=9 r=8 c=9 value=8094333 hex=007b827d
C2_OUTPUT f=10 r=8 c=9 value=16687848 hex=00fea2e8
C2_OUTPUT f=11 r=8 c=9 value=5831839 hex=0058fc9f
C2_OUTPUT f=12 r=8 c=9 value=0 hex=00000000
C2_OUTPUT f=13 r=8 c=9 value=0 hex=00000000
C2_OUTPUT f=14 r=8 c=9 value=0 hex=00000000
C2_OUTPUT f=15 r=8 c=9 value=0 hex=00000000
C2_OUTPUT f=0 r=8 c=10 value=0 hex=00000000
C2_OUTPUT f=1 r=8 c=10 value=0 hex=00000000
C2_OUTPUT f=2 r=8 c=10 value=0 hex=00000000
C2_OUTPUT f=3 r=8 c=10 value=3435808 hex=00346d20
C2_OUTPUT f=4 r=8 c=10 value=0 hex=00000000
C2_OUTPUT f=5 r=8 c=10 value=0 hex=00000000
C2_OUTPUT f=6 r=8 c=10 value=0 hex=00000000
C2_OUTPUT f=7 r=8 c=10 value=335427 hex=00051e43
C2_OUTPUT f=8 r=8 c=10 value=627422 hex=000992de
C2_OUTPUT f=9 r=8 c=10 value=0 hex=00000000
C2_OUTPUT f=10 r=8 c=10 value=4158565 hex=003f7465
C2_OUTPUT f=11 r=8 c=10 value=1304287 hex=0013e6df
C2_OUTPUT f=12 r=8 c=10 value=0 hex=00000000
C2_OUTPUT f=13 r=8 c=10 value=2279691 hex=0022c90b
C2_OUTPUT f=14 r=8 c=10 value=0 hex=00000000
C2_OUTPUT f=15 r=8 c=10 value=520773 hex=0007f245
C2_OUTPUT f=0 r=8 c=11 value=0 hex=00000000
C2_OUTPUT f=1 r=8 c=11 value=0 hex=00000000
C2_OUTPUT f=2 r=8 c=11 value=0 hex=00000000
C2_OUTPUT f=3 r=8 c=11 value=385273 hex=0005e0f9
C2_OUTPUT f=4 r=8 c=11 value=0 hex=00000000
C2_OUTPUT f=5 r=8 c=11 value=0 hex=00000000
C2_OUTPUT f=6 r=8 c=11 value=0 hex=00000000
C2_OUTPUT f=7 r=8 c=11 value=260867 hex=0003fb03
C2_OUTPUT f=8 r=8 c=11 value=293693 hex=00047b3d
C2_OUTPUT f=9 r=8 c=11 value=80568 hex=00013ab8
C2_OUTPUT f=10 r=8 c=11 value=180836 hex=0002c264
C2_OUTPUT f=11 r=8 c=11 value=0 hex=00000000
C2_OUTPUT f=12 r=8 c=11 value=324804 hex=0004f4c4
C2_OUTPUT f=13 r=8 c=11 value=86931 hex=00015393
C2_OUTPUT f=14 r=8 c=11 value=0 hex=00000000
C2_OUTPUT f=15 r=8 c=11 value=41994 hex=0000a40a
C2_OUTPUT f=0 r=8 c=12 value=0 hex=00000000
C2_OUTPUT f=1 r=8 c=12 value=90385 hex=00016111
C2_OUTPUT f=2 r=8 c=12 value=0 hex=00000000
C2_OUTPUT f=3 r=8 c=12 value=0 hex=00000000
C2_OUTPUT f=4 r=8 c=12 value=305218 hex=0004a842
C2_OUTPUT f=5 r=8 c=12 value=0 hex=00000000
C2_OUTPUT f=6 r=8 c=12 value=632654 hex=0009a74e
C2_OUTPUT f=7 r=8 c=12 value=384603 hex=0005de5b
C2_OUTPUT f=8 r=8 c=12 value=19808 hex=00004d60
C2_OUTPUT f=9 r=8 c=12 value=61302 hex=0000ef76
C2_OUTPUT f=10 r=8 c=12 value=103236 hex=00019344
C2_OUTPUT f=11 r=8 c=12 value=0 hex=00000000
C2_OUTPUT f=12 r=8 c=12 value=0 hex=00000000
C2_OUTPUT f=13 r=8 c=12 value=0 hex=00000000
C2_OUTPUT f=14 r=8 c=12 value=125947 hex=0001ebfb
C2_OUTPUT f=15 r=8 c=12 value=0 hex=00000000
C2_OUTPUT f=0 r=8 c=13 value=0 hex=00000000
C2_OUTPUT f=1 r=8 c=13 value=382588 hex=0005d67c
C2_OUTPUT f=2 r=8 c=13 value=0 hex=00000000
C2_OUTPUT f=3 r=8 c=13 value=0 hex=00000000
C2_OUTPUT f=4 r=8 c=13 value=108707 hex=0001a8a3
C2_OUTPUT f=5 r=8 c=13 value=303663 hex=0004a22f
C2_OUTPUT f=6 r=8 c=13 value=735476 hex=000b38f4
C2_OUTPUT f=7 r=8 c=13 value=385087 hex=0005e03f
C2_OUTPUT f=8 r=8 c=13 value=0 hex=00000000
C2_OUTPUT f=9 r=8 c=13 value=16277 hex=00003f95
C2_OUTPUT f=10 r=8 c=13 value=0 hex=00000000
C2_OUTPUT f=11 r=8 c=13 value=0 hex=00000000
C2_OUTPUT f=12 r=8 c=13 value=0 hex=00000000
C2_OUTPUT f=13 r=8 c=13 value=0 hex=00000000
C2_OUTPUT f=14 r=8 c=13 value=0 hex=00000000
C2_OUTPUT f=15 r=8 c=13 value=556587 hex=00087e2b
C2_OUTPUT f=0 r=9 c=0 value=5826 hex=000016c2
C2_OUTPUT f=1 r=9 c=0 value=4088 hex=00000ff8
C2_OUTPUT f=2 r=9 c=0 value=0 hex=00000000
C2_OUTPUT f=3 r=9 c=0 value=2731 hex=00000aab
C2_OUTPUT f=4 r=9 c=0 value=1050 hex=0000041a
C2_OUTPUT f=5 r=9 c=0 value=0 hex=00000000
C2_OUTPUT f=6 r=9 c=0 value=0 hex=00000000
C2_OUTPUT f=7 r=9 c=0 value=252 hex=000000fc
C2_OUTPUT f=8 r=9 c=0 value=541 hex=0000021d
C2_OUTPUT f=9 r=9 c=0 value=0 hex=00000000
C2_OUTPUT f=10 r=9 c=0 value=0 hex=00000000
C2_OUTPUT f=11 r=9 c=0 value=251 hex=000000fb
C2_OUTPUT f=12 r=9 c=0 value=7648 hex=00001de0
C2_OUTPUT f=13 r=9 c=0 value=6701 hex=00001a2d
C2_OUTPUT f=14 r=9 c=0 value=5906 hex=00001712
C2_OUTPUT f=15 r=9 c=0 value=2656 hex=00000a60
C2_OUTPUT f=0 r=9 c=1 value=7314 hex=00001c92
C2_OUTPUT f=1 r=9 c=1 value=6444 hex=0000192c
C2_OUTPUT f=2 r=9 c=1 value=0 hex=00000000
C2_OUTPUT f=3 r=9 c=1 value=2018 hex=000007e2
C2_OUTPUT f=4 r=9 c=1 value=3840 hex=00000f00
C2_OUTPUT f=5 r=9 c=1 value=0 hex=00000000
C2_OUTPUT f=6 r=9 c=1 value=0 hex=00000000
C2_OUTPUT f=7 r=9 c=1 value=1988 hex=000007c4
C2_OUTPUT f=8 r=9 c=1 value=2122 hex=0000084a
C2_OUTPUT f=9 r=9 c=1 value=0 hex=00000000
C2_OUTPUT f=10 r=9 c=1 value=0 hex=00000000
C2_OUTPUT f=11 r=9 c=1 value=1770 hex=000006ea
C2_OUTPUT f=12 r=9 c=1 value=12887 hex=00003257
C2_OUTPUT f=13 r=9 c=1 value=10359 hex=00002877
C2_OUTPUT f=14 r=9 c=1 value=6092 hex=000017cc
C2_OUTPUT f=15 r=9 c=1 value=2935 hex=00000b77
C2_OUTPUT f=0 r=9 c=2 value=7314 hex=00001c92
C2_OUTPUT f=1 r=9 c=2 value=6444 hex=0000192c
C2_OUTPUT f=2 r=9 c=2 value=0 hex=00000000
C2_OUTPUT f=3 r=9 c=2 value=2018 hex=000007e2
C2_OUTPUT f=4 r=9 c=2 value=3840 hex=00000f00
C2_OUTPUT f=5 r=9 c=2 value=0 hex=00000000
C2_OUTPUT f=6 r=9 c=2 value=0 hex=00000000
C2_OUTPUT f=7 r=9 c=2 value=1988 hex=000007c4
C2_OUTPUT f=8 r=9 c=2 value=2122 hex=0000084a
C2_OUTPUT f=9 r=9 c=2 value=0 hex=00000000
C2_OUTPUT f=10 r=9 c=2 value=0 hex=00000000
C2_OUTPUT f=11 r=9 c=2 value=1770 hex=000006ea
C2_OUTPUT f=12 r=9 c=2 value=12887 hex=00003257
C2_OUTPUT f=13 r=9 c=2 value=10359 hex=00002877
C2_OUTPUT f=14 r=9 c=2 value=6092 hex=000017cc
C2_OUTPUT f=15 r=9 c=2 value=2935 hex=00000b77
C2_OUTPUT f=0 r=9 c=3 value=7314 hex=00001c92
C2_OUTPUT f=1 r=9 c=3 value=6444 hex=0000192c
C2_OUTPUT f=2 r=9 c=3 value=0 hex=00000000
C2_OUTPUT f=3 r=9 c=3 value=2018 hex=000007e2
C2_OUTPUT f=4 r=9 c=3 value=3840 hex=00000f00
C2_OUTPUT f=5 r=9 c=3 value=0 hex=00000000
C2_OUTPUT f=6 r=9 c=3 value=0 hex=00000000
C2_OUTPUT f=7 r=9 c=3 value=1988 hex=000007c4
C2_OUTPUT f=8 r=9 c=3 value=2122 hex=0000084a
C2_OUTPUT f=9 r=9 c=3 value=0 hex=00000000
C2_OUTPUT f=10 r=9 c=3 value=0 hex=00000000
C2_OUTPUT f=11 r=9 c=3 value=1770 hex=000006ea
C2_OUTPUT f=12 r=9 c=3 value=12887 hex=00003257
C2_OUTPUT f=13 r=9 c=3 value=10359 hex=00002877
C2_OUTPUT f=14 r=9 c=3 value=6092 hex=000017cc
C2_OUTPUT f=15 r=9 c=3 value=2935 hex=00000b77
C2_OUTPUT f=0 r=9 c=4 value=704896 hex=000ac180
C2_OUTPUT f=1 r=9 c=4 value=109014 hex=0001a9d6
C2_OUTPUT f=2 r=9 c=4 value=0 hex=00000000
C2_OUTPUT f=3 r=9 c=4 value=0 hex=00000000
C2_OUTPUT f=4 r=9 c=4 value=698997 hex=000aaa75
C2_OUTPUT f=5 r=9 c=4 value=30910 hex=000078be
C2_OUTPUT f=6 r=9 c=4 value=942982 hex=000e6386
C2_OUTPUT f=7 r=9 c=4 value=0 hex=00000000
C2_OUTPUT f=8 r=9 c=4 value=0 hex=00000000
C2_OUTPUT f=9 r=9 c=4 value=29621 hex=000073b5
C2_OUTPUT f=10 r=9 c=4 value=583457 hex=0008e721
C2_OUTPUT f=11 r=9 c=4 value=0 hex=00000000
C2_OUTPUT f=12 r=9 c=4 value=234466 hex=000393e2
C2_OUTPUT f=13 r=9 c=4 value=165891 hex=00028803
C2_OUTPUT f=14 r=9 c=4 value=667826 hex=000a30b2
C2_OUTPUT f=15 r=9 c=4 value=752035 hex=000b79a3
C2_OUTPUT f=0 r=9 c=5 value=14450 hex=00003872
C2_OUTPUT f=1 r=9 c=5 value=1159843 hex=0011b2a3
C2_OUTPUT f=2 r=9 c=5 value=0 hex=00000000
C2_OUTPUT f=3 r=9 c=5 value=0 hex=00000000
C2_OUTPUT f=4 r=9 c=5 value=708952 hex=000ad158
C2_OUTPUT f=5 r=9 c=5 value=0 hex=00000000
C2_OUTPUT f=6 r=9 c=5 value=7514184 hex=0072a848
C2_OUTPUT f=7 r=9 c=5 value=1569154 hex=0017f182
C2_OUTPUT f=8 r=9 c=5 value=2450917 hex=002565e5
C2_OUTPUT f=9 r=9 c=5 value=1364330 hex=0014d16a
C2_OUTPUT f=10 r=9 c=5 value=0 hex=00000000
C2_OUTPUT f=11 r=9 c=5 value=0 hex=00000000
C2_OUTPUT f=12 r=9 c=5 value=0 hex=00000000
C2_OUTPUT f=13 r=9 c=5 value=0 hex=00000000
C2_OUTPUT f=14 r=9 c=5 value=2387368 hex=00246da8
C2_OUTPUT f=15 r=9 c=5 value=1843294 hex=001c205e
C2_OUTPUT f=0 r=9 c=6 value=0 hex=00000000
C2_OUTPUT f=1 r=9 c=6 value=4873314 hex=004a5c62
C2_OUTPUT f=2 r=9 c=6 value=0 hex=00000000
C2_OUTPUT f=3 r=9 c=6 value=0 hex=00000000
C2_OUTPUT f=4 r=9 c=6 value=0 hex=00000000
C2_OUTPUT f=5 r=9 c=6 value=0 hex=00000000
C2_OUTPUT f=6 r=9 c=6 value=13338058 hex=00cb85ca
C2_OUTPUT f=7 r=9 c=6 value=7661200 hex=0074e690
C2_OUTPUT f=8 r=9 c=6 value=7239550 hex=006e777e
C2_OUTPUT f=9 r=9 c=6 value=0 hex=00000000
C2_OUTPUT f=10 r=9 c=6 value=0 hex=00000000
C2_OUTPUT f=11 r=9 c=6 value=0 hex=00000000
C2_OUTPUT f=12 r=9 c=6 value=0 hex=00000000
C2_OUTPUT f=13 r=9 c=6 value=0 hex=00000000
C2_OUTPUT f=14 r=9 c=6 value=1840842 hex=001c16ca
C2_OUTPUT f=15 r=9 c=6 value=980712 hex=000ef6e8
C2_OUTPUT f=0 r=9 c=7 value=0 hex=00000000
C2_OUTPUT f=1 r=9 c=7 value=7289129 hex=006f3929
C2_OUTPUT f=2 r=9 c=7 value=0 hex=00000000
C2_OUTPUT f=3 r=9 c=7 value=0 hex=00000000
C2_OUTPUT f=4 r=9 c=7 value=5639862 hex=00560eb6
C2_OUTPUT f=5 r=9 c=7 value=0 hex=00000000
C2_OUTPUT f=6 r=9 c=7 value=0 hex=00000000
C2_OUTPUT f=7 r=9 c=7 value=13009504 hex=00c68260
C2_OUTPUT f=8 r=9 c=7 value=0 hex=00000000
C2_OUTPUT f=9 r=9 c=7 value=1214661 hex=001288c5
C2_OUTPUT f=10 r=9 c=7 value=0 hex=00000000
C2_OUTPUT f=11 r=9 c=7 value=389170 hex=0005f032
C2_OUTPUT f=12 r=9 c=7 value=0 hex=00000000
C2_OUTPUT f=13 r=9 c=7 value=0 hex=00000000
C2_OUTPUT f=14 r=9 c=7 value=4538762 hex=0045418a
C2_OUTPUT f=15 r=9 c=7 value=0 hex=00000000
C2_OUTPUT f=0 r=9 c=8 value=0 hex=00000000
C2_OUTPUT f=1 r=9 c=8 value=6355727 hex=0060fb0f
C2_OUTPUT f=2 r=9 c=8 value=507230 hex=0007bd5e
C2_OUTPUT f=3 r=9 c=8 value=0 hex=00000000
C2_OUTPUT f=4 r=9 c=8 value=4270060 hex=004127ec
C2_OUTPUT f=5 r=9 c=8 value=0 hex=00000000
C2_OUTPUT f=6 r=9 c=8 value=0 hex=00000000
C2_OUTPUT f=7 r=9 c=8 value=1913436 hex=001d325c
C2_OUTPUT f=8 r=9 c=8 value=0 hex=00000000
C2_OUTPUT f=9 r=9 c=8 value=8030104 hex=007a8798
C2_OUTPUT f=10 r=9 c=8 value=16451786 hex=00fb08ca
C2_OUTPUT f=11 r=9 c=8 value=8371271 hex=007fbc47
C2_OUTPUT f=12 r=9 c=8 value=0 hex=00000000
C2_OUTPUT f=13 r=9 c=8 value=0 hex=00000000
C2_OUTPUT f=14 r=9 c=8 value=1404883 hex=00156fd3
C2_OUTPUT f=15 r=9 c=8 value=0 hex=00000000
C2_OUTPUT f=0 r=9 c=9 value=0 hex=00000000
C2_OUTPUT f=1 r=9 c=9 value=1167717 hex=0011d165
C2_OUTPUT f=2 r=9 c=9 value=0 hex=00000000
C2_OUTPUT f=3 r=9 c=9 value=1809813 hex=001b9d95
C2_OUTPUT f=4 r=9 c=9 value=0 hex=00000000
C2_OUTPUT f=5 r=9 c=9 value=0 hex=00000000
C2_OUTPUT f=6 r=9 c=9 value=0 hex=00000000
C2_OUTPUT f=7 r=9 c=9 value=0 hex=00000000
C2_OUTPUT f=8 r=9 c=9 value=0 hex=00000000
C2_OUTPUT f=9 r=9 c=9 value=4342162 hex=00424192
C2_OUTPUT f=10 r=9 c=9 value=12443048 hex=00bddda8
C2_OUTPUT f=11 r=9 c=9 value=3042685 hex=002e6d7d
C2_OUTPUT f=12 r=9 c=9 value=1584155 hex=00182c1b
C2_OUTPUT f=13 r=9 c=9 value=910376 hex=000de428
C2_OUTPUT f=14 r=9 c=9 value=0 hex=00000000
C2_OUTPUT f=15 r=9 c=9 value=404871 hex=00062d87
C2_OUTPUT f=0 r=9 c=10 value=0 hex=00000000
C2_OUTPUT f=1 r=9 c=10 value=0 hex=00000000
C2_OUTPUT f=2 r=9 c=10 value=0 hex=00000000
C2_OUTPUT f=3 r=9 c=10 value=1704367 hex=001a01af
C2_OUTPUT f=4 r=9 c=10 value=0 hex=00000000
C2_OUTPUT f=5 r=9 c=10 value=0 hex=00000000
C2_OUTPUT f=6 r=9 c=10 value=0 hex=00000000
C2_OUTPUT f=7 r=9 c=10 value=927376 hex=000e2690
C2_OUTPUT f=8 r=9 c=10 value=702798 hex=000ab94e
C2_OUTPUT f=9 r=9 c=10 value=54727 hex=0000d5c7
C2_OUTPUT f=10 r=9 c=10 value=657401 hex=000a07f9
C2_OUTPUT f=11 r=9 c=10 value=0 hex=00000000
C2_OUTPUT f=12 r=9 c=10 value=697676 hex=000aa54c
C2_OUTPUT f=13 r=9 c=10 value=962783 hex=000eb0df
C2_OUTPUT f=14 r=9 c=10 value=0 hex=00000000
C2_OUTPUT f=15 r=9 c=10 value=63930 hex=0000f9ba
C2_OUTPUT f=0 r=9 c=11 value=7314 hex=00001c92
C2_OUTPUT f=1 r=9 c=11 value=6444 hex=0000192c
C2_OUTPUT f=2 r=9 c=11 value=0 hex=00000000
C2_OUTPUT f=3 r=9 c=11 value=2018 hex=000007e2
C2_OUTPUT f=4 r=9 c=11 value=3840 hex=00000f00
C2_OUTPUT f=5 r=9 c=11 value=0 hex=00000000
C2_OUTPUT f=6 r=9 c=11 value=0 hex=00000000
C2_OUTPUT f=7 r=9 c=11 value=1988 hex=000007c4
C2_OUTPUT f=8 r=9 c=11 value=2122 hex=0000084a
C2_OUTPUT f=9 r=9 c=11 value=0 hex=00000000
C2_OUTPUT f=10 r=9 c=11 value=0 hex=00000000
C2_OUTPUT f=11 r=9 c=11 value=1770 hex=000006ea
C2_OUTPUT f=12 r=9 c=11 value=12887 hex=00003257
C2_OUTPUT f=13 r=9 c=11 value=10359 hex=00002877
C2_OUTPUT f=14 r=9 c=11 value=6092 hex=000017cc
C2_OUTPUT f=15 r=9 c=11 value=2935 hex=00000b77
C2_OUTPUT f=0 r=9 c=12 value=0 hex=00000000
C2_OUTPUT f=1 r=9 c=12 value=90385 hex=00016111
C2_OUTPUT f=2 r=9 c=12 value=0 hex=00000000
C2_OUTPUT f=3 r=9 c=12 value=0 hex=00000000
C2_OUTPUT f=4 r=9 c=12 value=305218 hex=0004a842
C2_OUTPUT f=5 r=9 c=12 value=0 hex=00000000
C2_OUTPUT f=6 r=9 c=12 value=632654 hex=0009a74e
C2_OUTPUT f=7 r=9 c=12 value=384603 hex=0005de5b
C2_OUTPUT f=8 r=9 c=12 value=19808 hex=00004d60
C2_OUTPUT f=9 r=9 c=12 value=61302 hex=0000ef76
C2_OUTPUT f=10 r=9 c=12 value=103236 hex=00019344
C2_OUTPUT f=11 r=9 c=12 value=0 hex=00000000
C2_OUTPUT f=12 r=9 c=12 value=0 hex=00000000
C2_OUTPUT f=13 r=9 c=12 value=0 hex=00000000
C2_OUTPUT f=14 r=9 c=12 value=125947 hex=0001ebfb
C2_OUTPUT f=15 r=9 c=12 value=0 hex=00000000
C2_OUTPUT f=0 r=9 c=13 value=0 hex=00000000
C2_OUTPUT f=1 r=9 c=13 value=382588 hex=0005d67c
C2_OUTPUT f=2 r=9 c=13 value=0 hex=00000000
C2_OUTPUT f=3 r=9 c=13 value=0 hex=00000000
C2_OUTPUT f=4 r=9 c=13 value=108707 hex=0001a8a3
C2_OUTPUT f=5 r=9 c=13 value=303663 hex=0004a22f
C2_OUTPUT f=6 r=9 c=13 value=735476 hex=000b38f4
C2_OUTPUT f=7 r=9 c=13 value=385087 hex=0005e03f
C2_OUTPUT f=8 r=9 c=13 value=0 hex=00000000
C2_OUTPUT f=9 r=9 c=13 value=16277 hex=00003f95
C2_OUTPUT f=10 r=9 c=13 value=0 hex=00000000
C2_OUTPUT f=11 r=9 c=13 value=0 hex=00000000
C2_OUTPUT f=12 r=9 c=13 value=0 hex=00000000
C2_OUTPUT f=13 r=9 c=13 value=0 hex=00000000
C2_OUTPUT f=14 r=9 c=13 value=0 hex=00000000
C2_OUTPUT f=15 r=9 c=13 value=556587 hex=00087e2b
C2_OUTPUT f=0 r=10 c=0 value=5826 hex=000016c2
C2_OUTPUT f=1 r=10 c=0 value=4088 hex=00000ff8
C2_OUTPUT f=2 r=10 c=0 value=0 hex=00000000
C2_OUTPUT f=3 r=10 c=0 value=2731 hex=00000aab
C2_OUTPUT f=4 r=10 c=0 value=1050 hex=0000041a
C2_OUTPUT f=5 r=10 c=0 value=0 hex=00000000
C2_OUTPUT f=6 r=10 c=0 value=0 hex=00000000
C2_OUTPUT f=7 r=10 c=0 value=252 hex=000000fc
C2_OUTPUT f=8 r=10 c=0 value=541 hex=0000021d
C2_OUTPUT f=9 r=10 c=0 value=0 hex=00000000
C2_OUTPUT f=10 r=10 c=0 value=0 hex=00000000
C2_OUTPUT f=11 r=10 c=0 value=251 hex=000000fb
C2_OUTPUT f=12 r=10 c=0 value=7648 hex=00001de0
C2_OUTPUT f=13 r=10 c=0 value=6701 hex=00001a2d
C2_OUTPUT f=14 r=10 c=0 value=5906 hex=00001712
C2_OUTPUT f=15 r=10 c=0 value=2656 hex=00000a60
C2_OUTPUT f=0 r=10 c=1 value=7314 hex=00001c92
C2_OUTPUT f=1 r=10 c=1 value=6444 hex=0000192c
C2_OUTPUT f=2 r=10 c=1 value=0 hex=00000000
C2_OUTPUT f=3 r=10 c=1 value=2018 hex=000007e2
C2_OUTPUT f=4 r=10 c=1 value=3840 hex=00000f00
C2_OUTPUT f=5 r=10 c=1 value=0 hex=00000000
C2_OUTPUT f=6 r=10 c=1 value=0 hex=00000000
C2_OUTPUT f=7 r=10 c=1 value=1988 hex=000007c4
C2_OUTPUT f=8 r=10 c=1 value=2122 hex=0000084a
C2_OUTPUT f=9 r=10 c=1 value=0 hex=00000000
C2_OUTPUT f=10 r=10 c=1 value=0 hex=00000000
C2_OUTPUT f=11 r=10 c=1 value=1770 hex=000006ea
C2_OUTPUT f=12 r=10 c=1 value=12887 hex=00003257
C2_OUTPUT f=13 r=10 c=1 value=10359 hex=00002877
C2_OUTPUT f=14 r=10 c=1 value=6092 hex=000017cc
C2_OUTPUT f=15 r=10 c=1 value=2935 hex=00000b77
C2_OUTPUT f=0 r=10 c=2 value=7314 hex=00001c92
C2_OUTPUT f=1 r=10 c=2 value=6444 hex=0000192c
C2_OUTPUT f=2 r=10 c=2 value=0 hex=00000000
C2_OUTPUT f=3 r=10 c=2 value=2018 hex=000007e2
C2_OUTPUT f=4 r=10 c=2 value=3840 hex=00000f00
C2_OUTPUT f=5 r=10 c=2 value=0 hex=00000000
C2_OUTPUT f=6 r=10 c=2 value=0 hex=00000000
C2_OUTPUT f=7 r=10 c=2 value=1988 hex=000007c4
C2_OUTPUT f=8 r=10 c=2 value=2122 hex=0000084a
C2_OUTPUT f=9 r=10 c=2 value=0 hex=00000000
C2_OUTPUT f=10 r=10 c=2 value=0 hex=00000000
C2_OUTPUT f=11 r=10 c=2 value=1770 hex=000006ea
C2_OUTPUT f=12 r=10 c=2 value=12887 hex=00003257
C2_OUTPUT f=13 r=10 c=2 value=10359 hex=00002877
C2_OUTPUT f=14 r=10 c=2 value=6092 hex=000017cc
C2_OUTPUT f=15 r=10 c=2 value=2935 hex=00000b77
C2_OUTPUT f=0 r=10 c=3 value=98693 hex=00018185
C2_OUTPUT f=1 r=10 c=3 value=22384 hex=00005770
C2_OUTPUT f=2 r=10 c=3 value=0 hex=00000000
C2_OUTPUT f=3 r=10 c=3 value=0 hex=00000000
C2_OUTPUT f=4 r=10 c=3 value=143563 hex=000230cb
C2_OUTPUT f=5 r=10 c=3 value=16181 hex=00003f35
C2_OUTPUT f=6 r=10 c=3 value=110754 hex=0001b0a2
C2_OUTPUT f=7 r=10 c=3 value=25279 hex=000062bf
C2_OUTPUT f=8 r=10 c=3 value=0 hex=00000000
C2_OUTPUT f=9 r=10 c=3 value=0 hex=00000000
C2_OUTPUT f=10 r=10 c=3 value=109482 hex=0001abaa
C2_OUTPUT f=11 r=10 c=3 value=0 hex=00000000
C2_OUTPUT f=12 r=10 c=3 value=0 hex=00000000
C2_OUTPUT f=13 r=10 c=3 value=25815 hex=000064d7
C2_OUTPUT f=14 r=10 c=3 value=104867 hex=000199a3
C2_OUTPUT f=15 r=10 c=3 value=130929 hex=0001ff71
C2_OUTPUT f=0 r=10 c=4 value=599123 hex=00092453
C2_OUTPUT f=1 r=10 c=4 value=0 hex=00000000
C2_OUTPUT f=2 r=10 c=4 value=0 hex=00000000
C2_OUTPUT f=3 r=10 c=4 value=0 hex=00000000
C2_OUTPUT f=4 r=10 c=4 value=2184460 hex=0021550c
C2_OUTPUT f=5 r=10 c=4 value=0 hex=00000000
C2_OUTPUT f=6 r=10 c=4 value=3970468 hex=003c95a4
C2_OUTPUT f=7 r=10 c=4 value=1020039 hex=000f9087
C2_OUTPUT f=8 r=10 c=4 value=888316 hex=000d8dfc
C2_OUTPUT f=9 r=10 c=4 value=517091 hex=0007e3e3
C2_OUTPUT f=10 r=10 c=4 value=1141643 hex=00116b8b
C2_OUTPUT f=11 r=10 c=4 value=0 hex=00000000
C2_OUTPUT f=12 r=10 c=4 value=0 hex=00000000
C2_OUTPUT f=13 r=10 c=4 value=0 hex=00000000
C2_OUTPUT f=14 r=10 c=4 value=2603796 hex=0027bb14
C2_OUTPUT f=15 r=10 c=4 value=1459197 hex=001643fd
C2_OUTPUT f=0 r=10 c=5 value=0 hex=00000000
C2_OUTPUT f=1 r=10 c=5 value=3694024 hex=00385dc8
C2_OUTPUT f=2 r=10 c=5 value=0 hex=00000000
C2_OUTPUT f=3 r=10 c=5 value=0 hex=00000000
C2_OUTPUT f=4 r=10 c=5 value=0 hex=00000000
C2_OUTPUT f=5 r=10 c=5 value=0 hex=00000000
C2_OUTPUT f=6 r=10 c=5 value=14654021 hex=00df9a45
C2_OUTPUT f=7 r=10 c=5 value=4838244 hex=0049d364
C2_OUTPUT f=8 r=10 c=5 value=6103601 hex=005d2231
C2_OUTPUT f=9 r=10 c=5 value=271042 hex=000422c2
C2_OUTPUT f=10 r=10 c=5 value=0 hex=00000000
C2_OUTPUT f=11 r=10 c=5 value=0 hex=00000000
C2_OUTPUT f=12 r=10 c=5 value=0 hex=00000000
C2_OUTPUT f=13 r=10 c=5 value=0 hex=00000000
C2_OUTPUT f=14 r=10 c=5 value=2211937 hex=0021c061
C2_OUTPUT f=15 r=10 c=5 value=2339577 hex=0023b2f9
C2_OUTPUT f=0 r=10 c=6 value=0 hex=00000000
C2_OUTPUT f=1 r=10 c=6 value=7445036 hex=00719a2c
C2_OUTPUT f=2 r=10 c=6 value=0 hex=00000000
C2_OUTPUT f=3 r=10 c=6 value=0 hex=00000000
C2_OUTPUT f=4 r=10 c=6 value=1922307 hex=001d5503
C2_OUTPUT f=5 r=10 c=6 value=0 hex=00000000
C2_OUTPUT f=6 r=10 c=6 value=6408560 hex=0061c970
C2_OUTPUT f=7 r=10 c=6 value=13005251 hex=00c671c3
C2_OUTPUT f=8 r=10 c=6 value=2779721 hex=002a6a49
C2_OUTPUT f=9 r=10 c=6 value=0 hex=00000000
C2_OUTPUT f=10 r=10 c=6 value=0 hex=00000000
C2_OUTPUT f=11 r=10 c=6 value=0 hex=00000000
C2_OUTPUT f=12 r=10 c=6 value=0 hex=00000000
C2_OUTPUT f=13 r=10 c=6 value=0 hex=00000000
C2_OUTPUT f=14 r=10 c=6 value=3793879 hex=0039e3d7
C2_OUTPUT f=15 r=10 c=6 value=0 hex=00000000
C2_OUTPUT f=0 r=10 c=7 value=0 hex=00000000
C2_OUTPUT f=1 r=10 c=7 value=7496083 hex=00726193
C2_OUTPUT f=2 r=10 c=7 value=0 hex=00000000
C2_OUTPUT f=3 r=10 c=7 value=0 hex=00000000
C2_OUTPUT f=4 r=10 c=7 value=6047854 hex=005c486e
C2_OUTPUT f=5 r=10 c=7 value=0 hex=00000000
C2_OUTPUT f=6 r=10 c=7 value=0 hex=00000000
C2_OUTPUT f=7 r=10 c=7 value=6371617 hex=00613921
C2_OUTPUT f=8 r=10 c=7 value=0 hex=00000000
C2_OUTPUT f=9 r=10 c=7 value=5727959 hex=005766d7
C2_OUTPUT f=10 r=10 c=7 value=8326775 hex=007f0e77
C2_OUTPUT f=11 r=10 c=7 value=7518283 hex=0072b84b
C2_OUTPUT f=12 r=10 c=7 value=0 hex=00000000
C2_OUTPUT f=13 r=10 c=7 value=0 hex=00000000
C2_OUTPUT f=14 r=10 c=7 value=3962906 hex=003c781a
C2_OUTPUT f=15 r=10 c=7 value=0 hex=00000000
C2_OUTPUT f=0 r=10 c=8 value=0 hex=00000000
C2_OUTPUT f=1 r=10 c=8 value=1938289 hex=001d9371
C2_OUTPUT f=2 r=10 c=8 value=0 hex=00000000
C2_OUTPUT f=3 r=10 c=8 value=2427625 hex=00250ae9
C2_OUTPUT f=4 r=10 c=8 value=446658 hex=0006d0c2
C2_OUTPUT f=5 r=10 c=8 value=0 hex=00000000
C2_OUTPUT f=6 r=10 c=8 value=0 hex=00000000
C2_OUTPUT f=7 r=10 c=8 value=0 hex=00000000
C2_OUTPUT f=8 r=10 c=8 value=0 hex=00000000
C2_OUTPUT f=9 r=10 c=8 value=4683479 hex=004776d7
C2_OUTPUT f=10 r=10 c=8 value=17194286 hex=01065d2e
C2_OUTPUT f=11 r=10 c=8 value=6313968 hex=006057f0
C2_OUTPUT f=12 r=10 c=8 value=0 hex=00000000
C2_OUTPUT f=13 r=10 c=8 value=422204 hex=0006713c
C2_OUTPUT f=14 r=10 c=8 value=0 hex=00000000
C2_OUTPUT f=15 r=10 c=8 value=0 hex=00000000
C2_OUTPUT f=0 r=10 c=9 value=0 hex=00000000
C2_OUTPUT f=1 r=10 c=9 value=0 hex=00000000
C2_OUTPUT f=2 r=10 c=9 value=0 hex=00000000
C2_OUTPUT f=3 r=10 c=9 value=3650701 hex=0037b48d
C2_OUTPUT f=4 r=10 c=9 value=0 hex=00000000
C2_OUTPUT f=5 r=10 c=9 value=0 hex=00000000
C2_OUTPUT f=6 r=10 c=9 value=0 hex=00000000
C2_OUTPUT f=7 r=10 c=9 value=389864 hex=0005f2e8
C2_OUTPUT f=8 r=10 c=9 value=970035 hex=000ecd33
C2_OUTPUT f=9 r=10 c=9 value=0 hex=00000000
C2_OUTPUT f=10 r=10 c=9 value=3235995 hex=0031609b
C2_OUTPUT f=11 r=10 c=9 value=886553 hex=000d8719
C2_OUTPUT f=12 r=10 c=9 value=0 hex=00000000
C2_OUTPUT f=13 r=10 c=9 value=2291684 hex=0022f7e4
C2_OUTPUT f=14 r=10 c=9 value=0 hex=00000000
C2_OUTPUT f=15 r=10 c=9 value=690266 hex=000a885a
C2_OUTPUT f=0 r=10 c=10 value=0 hex=00000000
C2_OUTPUT f=1 r=10 c=10 value=0 hex=00000000
C2_OUTPUT f=2 r=10 c=10 value=0 hex=00000000
C2_OUTPUT f=3 r=10 c=10 value=200914 hex=000310d2
C2_OUTPUT f=4 r=10 c=10 value=0 hex=00000000
C2_OUTPUT f=5 r=10 c=10 value=0 hex=00000000
C2_OUTPUT f=6 r=10 c=10 value=0 hex=00000000
C2_OUTPUT f=7 r=10 c=10 value=156556 hex=0002638c
C2_OUTPUT f=8 r=10 c=10 value=173948 hex=0002a77c
C2_OUTPUT f=9 r=10 c=10 value=47743 hex=0000ba7f
C2_OUTPUT f=10 r=10 c=10 value=113799 hex=0001bc87
C2_OUTPUT f=11 r=10 c=10 value=0 hex=00000000
C2_OUTPUT f=12 r=10 c=10 value=179288 hex=0002bc58
C2_OUTPUT f=13 r=10 c=10 value=40372 hex=00009db4
C2_OUTPUT f=14 r=10 c=10 value=0 hex=00000000
C2_OUTPUT f=15 r=10 c=10 value=0 hex=00000000
C2_OUTPUT f=0 r=10 c=11 value=7314 hex=00001c92
C2_OUTPUT f=1 r=10 c=11 value=6444 hex=0000192c
C2_OUTPUT f=2 r=10 c=11 value=0 hex=00000000
C2_OUTPUT f=3 r=10 c=11 value=2018 hex=000007e2
C2_OUTPUT f=4 r=10 c=11 value=3840 hex=00000f00
C2_OUTPUT f=5 r=10 c=11 value=0 hex=00000000
C2_OUTPUT f=6 r=10 c=11 value=0 hex=00000000
C2_OUTPUT f=7 r=10 c=11 value=1988 hex=000007c4
C2_OUTPUT f=8 r=10 c=11 value=2122 hex=0000084a
C2_OUTPUT f=9 r=10 c=11 value=0 hex=00000000
C2_OUTPUT f=10 r=10 c=11 value=0 hex=00000000
C2_OUTPUT f=11 r=10 c=11 value=1770 hex=000006ea
C2_OUTPUT f=12 r=10 c=11 value=12887 hex=00003257
C2_OUTPUT f=13 r=10 c=11 value=10359 hex=00002877
C2_OUTPUT f=14 r=10 c=11 value=6092 hex=000017cc
C2_OUTPUT f=15 r=10 c=11 value=2935 hex=00000b77
C2_OUTPUT f=0 r=10 c=12 value=0 hex=00000000
C2_OUTPUT f=1 r=10 c=12 value=90385 hex=00016111
C2_OUTPUT f=2 r=10 c=12 value=0 hex=00000000
C2_OUTPUT f=3 r=10 c=12 value=0 hex=00000000
C2_OUTPUT f=4 r=10 c=12 value=305218 hex=0004a842
C2_OUTPUT f=5 r=10 c=12 value=0 hex=00000000
C2_OUTPUT f=6 r=10 c=12 value=632654 hex=0009a74e
C2_OUTPUT f=7 r=10 c=12 value=384603 hex=0005de5b
C2_OUTPUT f=8 r=10 c=12 value=19808 hex=00004d60
C2_OUTPUT f=9 r=10 c=12 value=61302 hex=0000ef76
C2_OUTPUT f=10 r=10 c=12 value=103236 hex=00019344
C2_OUTPUT f=11 r=10 c=12 value=0 hex=00000000
C2_OUTPUT f=12 r=10 c=12 value=0 hex=00000000
C2_OUTPUT f=13 r=10 c=12 value=0 hex=00000000
C2_OUTPUT f=14 r=10 c=12 value=125947 hex=0001ebfb
C2_OUTPUT f=15 r=10 c=12 value=0 hex=00000000
C2_OUTPUT f=0 r=10 c=13 value=0 hex=00000000
C2_OUTPUT f=1 r=10 c=13 value=382588 hex=0005d67c
C2_OUTPUT f=2 r=10 c=13 value=0 hex=00000000
C2_OUTPUT f=3 r=10 c=13 value=0 hex=00000000
C2_OUTPUT f=4 r=10 c=13 value=108707 hex=0001a8a3
C2_OUTPUT f=5 r=10 c=13 value=303663 hex=0004a22f
C2_OUTPUT f=6 r=10 c=13 value=735476 hex=000b38f4
C2_OUTPUT f=7 r=10 c=13 value=385087 hex=0005e03f
C2_OUTPUT f=8 r=10 c=13 value=0 hex=00000000
C2_OUTPUT f=9 r=10 c=13 value=16277 hex=00003f95
C2_OUTPUT f=10 r=10 c=13 value=0 hex=00000000
C2_OUTPUT f=11 r=10 c=13 value=0 hex=00000000
C2_OUTPUT f=12 r=10 c=13 value=0 hex=00000000
C2_OUTPUT f=13 r=10 c=13 value=0 hex=00000000
C2_OUTPUT f=14 r=10 c=13 value=0 hex=00000000
C2_OUTPUT f=15 r=10 c=13 value=556587 hex=00087e2b
C2_OUTPUT f=0 r=11 c=0 value=5826 hex=000016c2
C2_OUTPUT f=1 r=11 c=0 value=4088 hex=00000ff8
C2_OUTPUT f=2 r=11 c=0 value=0 hex=00000000
C2_OUTPUT f=3 r=11 c=0 value=2731 hex=00000aab
C2_OUTPUT f=4 r=11 c=0 value=1050 hex=0000041a
C2_OUTPUT f=5 r=11 c=0 value=0 hex=00000000
C2_OUTPUT f=6 r=11 c=0 value=0 hex=00000000
C2_OUTPUT f=7 r=11 c=0 value=252 hex=000000fc
C2_OUTPUT f=8 r=11 c=0 value=541 hex=0000021d
C2_OUTPUT f=9 r=11 c=0 value=0 hex=00000000
C2_OUTPUT f=10 r=11 c=0 value=0 hex=00000000
C2_OUTPUT f=11 r=11 c=0 value=251 hex=000000fb
C2_OUTPUT f=12 r=11 c=0 value=7648 hex=00001de0
C2_OUTPUT f=13 r=11 c=0 value=6701 hex=00001a2d
C2_OUTPUT f=14 r=11 c=0 value=5906 hex=00001712
C2_OUTPUT f=15 r=11 c=0 value=2656 hex=00000a60
C2_OUTPUT f=0 r=11 c=1 value=7314 hex=00001c92
C2_OUTPUT f=1 r=11 c=1 value=6444 hex=0000192c
C2_OUTPUT f=2 r=11 c=1 value=0 hex=00000000
C2_OUTPUT f=3 r=11 c=1 value=2018 hex=000007e2
C2_OUTPUT f=4 r=11 c=1 value=3840 hex=00000f00
C2_OUTPUT f=5 r=11 c=1 value=0 hex=00000000
C2_OUTPUT f=6 r=11 c=1 value=0 hex=00000000
C2_OUTPUT f=7 r=11 c=1 value=1988 hex=000007c4
C2_OUTPUT f=8 r=11 c=1 value=2122 hex=0000084a
C2_OUTPUT f=9 r=11 c=1 value=0 hex=00000000
C2_OUTPUT f=10 r=11 c=1 value=0 hex=00000000
C2_OUTPUT f=11 r=11 c=1 value=1770 hex=000006ea
C2_OUTPUT f=12 r=11 c=1 value=12887 hex=00003257
C2_OUTPUT f=13 r=11 c=1 value=10359 hex=00002877
C2_OUTPUT f=14 r=11 c=1 value=6092 hex=000017cc
C2_OUTPUT f=15 r=11 c=1 value=2935 hex=00000b77
C2_OUTPUT f=0 r=11 c=2 value=7314 hex=00001c92
C2_OUTPUT f=1 r=11 c=2 value=6444 hex=0000192c
C2_OUTPUT f=2 r=11 c=2 value=0 hex=00000000
C2_OUTPUT f=3 r=11 c=2 value=2018 hex=000007e2
C2_OUTPUT f=4 r=11 c=2 value=3840 hex=00000f00
C2_OUTPUT f=5 r=11 c=2 value=0 hex=00000000
C2_OUTPUT f=6 r=11 c=2 value=0 hex=00000000
C2_OUTPUT f=7 r=11 c=2 value=1988 hex=000007c4
C2_OUTPUT f=8 r=11 c=2 value=2122 hex=0000084a
C2_OUTPUT f=9 r=11 c=2 value=0 hex=00000000
C2_OUTPUT f=10 r=11 c=2 value=0 hex=00000000
C2_OUTPUT f=11 r=11 c=2 value=1770 hex=000006ea
C2_OUTPUT f=12 r=11 c=2 value=12887 hex=00003257
C2_OUTPUT f=13 r=11 c=2 value=10359 hex=00002877
C2_OUTPUT f=14 r=11 c=2 value=6092 hex=000017cc
C2_OUTPUT f=15 r=11 c=2 value=2935 hex=00000b77
C2_OUTPUT f=0 r=11 c=3 value=248255 hex=0003c9bf
C2_OUTPUT f=1 r=11 c=3 value=0 hex=00000000
C2_OUTPUT f=2 r=11 c=3 value=0 hex=00000000
C2_OUTPUT f=3 r=11 c=3 value=0 hex=00000000
C2_OUTPUT f=4 r=11 c=3 value=929212 hex=000e2dbc
C2_OUTPUT f=5 r=11 c=3 value=0 hex=00000000
C2_OUTPUT f=6 r=11 c=3 value=865430 hex=000d3496
C2_OUTPUT f=7 r=11 c=3 value=415278 hex=0006562e
C2_OUTPUT f=8 r=11 c=3 value=0 hex=00000000
C2_OUTPUT f=9 r=11 c=3 value=0 hex=00000000
C2_OUTPUT f=10 r=11 c=3 value=848984 hex=000cf458
C2_OUTPUT f=11 r=11 c=3 value=0 hex=00000000
C2_OUTPUT f=12 r=11 c=3 value=0 hex=00000000
C2_OUTPUT f=13 r=11 c=3 value=0 hex=00000000
C2_OUTPUT f=14 r=11 c=3 value=776448 hex=000bd900
C2_OUTPUT f=15 r=11 c=3 value=438440 hex=0006b0a8
C2_OUTPUT f=0 r=11 c=4 value=0 hex=00000000
C2_OUTPUT f=1 r=11 c=4 value=1456019 hex=00163793
C2_OUTPUT f=2 r=11 c=4 value=0 hex=00000000
C2_OUTPUT f=3 r=11 c=4 value=0 hex=00000000
C2_OUTPUT f=4 r=11 c=4 value=547196 hex=0008597c
C2_OUTPUT f=5 r=11 c=4 value=0 hex=00000000
C2_OUTPUT f=6 r=11 c=4 value=9262255 hex=008d54af
C2_OUTPUT f=7 r=11 c=4 value=1661966 hex=00195c0e
C2_OUTPUT f=8 r=11 c=4 value=2843745 hex=002b6461
C2_OUTPUT f=9 r=11 c=4 value=755985 hex=000b8911
C2_OUTPUT f=10 r=11 c=4 value=0 hex=00000000
C2_OUTPUT f=11 r=11 c=4 value=0 hex=00000000
C2_OUTPUT f=12 r=11 c=4 value=0 hex=00000000
C2_OUTPUT f=13 r=11 c=4 value=0 hex=00000000
C2_OUTPUT f=14 r=11 c=4 value=2874601 hex=002bdce9
C2_OUTPUT f=15 r=11 c=4 value=2377049 hex=00244559
C2_OUTPUT f=0 r=11 c=5 value=0 hex=00000000
C2_OUTPUT f=1 r=11 c=5 value=6432818 hex=00622832
C2_OUTPUT f=2 r=11 c=5 value=0 hex=00000000
C2_OUTPUT f=3 r=11 c=5 value=0 hex=00000000
C2_OUTPUT f=4 r=11 c=5 value=0 hex=00000000
C2_OUTPUT f=5 r=11 c=5 value=0 hex=00000000
C2_OUTPUT f=6 r=11 c=5 value=16424470 hex=00fa9e16
C2_OUTPUT f=7 r=11 c=5 value=8736887 hex=00855077
C2_OUTPUT f=8 r=11 c=5 value=5205764 hex=004f6f04
C2_OUTPUT f=9 r=11 c=5 value=0 hex=00000000
C2_OUTPUT f=10 r=11 c=5 value=0 hex=00000000
C2_OUTPUT f=11 r=11 c=5 value=0 hex=00000000
C2_OUTPUT f=12 r=11 c=5 value=0 hex=00000000
C2_OUTPUT f=13 r=11 c=5 value=0 hex=00000000
C2_OUTPUT f=14 r=11 c=5 value=1575952 hex=00180c10
C2_OUTPUT f=15 r=11 c=5 value=3885836 hex=003b4b0c
C2_OUTPUT f=0 r=11 c=6 value=0 hex=00000000
C2_OUTPUT f=1 r=11 c=6 value=9398622 hex=008f695e
C2_OUTPUT f=2 r=11 c=6 value=0 hex=00000000
C2_OUTPUT f=3 r=11 c=6 value=0 hex=00000000
C2_OUTPUT f=4 r=11 c=6 value=4038101 hex=003d9dd5
C2_OUTPUT f=5 r=11 c=6 value=508189 hex=0007c11d
C2_OUTPUT f=6 r=11 c=6 value=0 hex=00000000
C2_OUTPUT f=7 r=11 c=6 value=10686142 hex=00a30ebe
C2_OUTPUT f=8 r=11 c=6 value=0 hex=00000000
C2_OUTPUT f=9 r=11 c=6 value=3491508 hex=003546b4
C2_OUTPUT f=10 r=11 c=6 value=0 hex=00000000
C2_OUTPUT f=11 r=11 c=6 value=3598254 hex=0036e7ae
C2_OUTPUT f=12 r=11 c=6 value=0 hex=00000000
C2_OUTPUT f=13 r=11 c=6 value=0 hex=00000000
C2_OUTPUT f=14 r=11 c=6 value=3470150 hex=0034f346
C2_OUTPUT f=15 r=11 c=6 value=0 hex=00000000
C2_OUTPUT f=0 r=11 c=7 value=0 hex=00000000
C2_OUTPUT f=1 r=11 c=7 value=4060843 hex=003df6ab
C2_OUTPUT f=2 r=11 c=7 value=368992 hex=0005a160
C2_OUTPUT f=3 r=11 c=7 value=0 hex=00000000
C2_OUTPUT f=4 r=11 c=7 value=3011552 hex=002df3e0
C2_OUTPUT f=5 r=11 c=7 value=0 hex=00000000
C2_OUTPUT f=6 r=11 c=7 value=0 hex=00000000
C2_OUTPUT f=7 r=11 c=7 value=875817 hex=000d5d29
C2_OUTPUT f=8 r=11 c=7 value=0 hex=00000000
C2_OUTPUT f=9 r=11 c=7 value=8986532 hex=00891fa4
C2_OUTPUT f=10 r=11 c=7 value=19425816 hex=01286a18
C2_OUTPUT f=11 r=11 c=7 value=7642872 hex=00749ef8
C2_OUTPUT f=12 r=11 c=7 value=12297 hex=00003009
C2_OUTPUT f=13 r=11 c=7 value=0 hex=00000000
C2_OUTPUT f=14 r=11 c=7 value=369145 hex=0005a1f9
C2_OUTPUT f=15 r=11 c=7 value=0 hex=00000000
C2_OUTPUT f=0 r=11 c=8 value=0 hex=00000000
C2_OUTPUT f=1 r=11 c=8 value=293980 hex=00047c5c
C2_OUTPUT f=2 r=11 c=8 value=0 hex=00000000
C2_OUTPUT f=3 r=11 c=8 value=2130817 hex=00208381
C2_OUTPUT f=4 r=11 c=8 value=0 hex=00000000
C2_OUTPUT f=5 r=11 c=8 value=0 hex=00000000
C2_OUTPUT f=6 r=11 c=8 value=0 hex=00000000
C2_OUTPUT f=7 r=11 c=8 value=0 hex=00000000
C2_OUTPUT f=8 r=11 c=8 value=744929 hex=000b5de1
C2_OUTPUT f=9 r=11 c=8 value=930512 hex=000e32d0
C2_OUTPUT f=10 r=11 c=8 value=8897906 hex=0087c572
C2_OUTPUT f=11 r=11 c=8 value=2512566 hex=002656b6
C2_OUTPUT f=12 r=11 c=8 value=1244914 hex=0012fef2
C2_OUTPUT f=13 r=11 c=8 value=2017606 hex=001ec946
C2_OUTPUT f=14 r=11 c=8 value=0 hex=00000000
C2_OUTPUT f=15 r=11 c=8 value=0 hex=00000000
C2_OUTPUT f=0 r=11 c=9 value=0 hex=00000000
C2_OUTPUT f=1 r=11 c=9 value=0 hex=00000000
C2_OUTPUT f=2 r=11 c=9 value=0 hex=00000000
C2_OUTPUT f=3 r=11 c=9 value=1344029 hex=0014821d
C2_OUTPUT f=4 r=11 c=9 value=0 hex=00000000
C2_OUTPUT f=5 r=11 c=9 value=0 hex=00000000
C2_OUTPUT f=6 r=11 c=9 value=0 hex=00000000
C2_OUTPUT f=7 r=11 c=9 value=839198 hex=000cce1e
C2_OUTPUT f=8 r=11 c=9 value=711797 hex=000adc75
C2_OUTPUT f=9 r=11 c=9 value=0 hex=00000000
C2_OUTPUT f=10 r=11 c=9 value=300217 hex=000494b9
C2_OUTPUT f=11 r=11 c=9 value=0 hex=00000000
C2_OUTPUT f=12 r=11 c=9 value=808982 hex=000c5816
C2_OUTPUT f=13 r=11 c=9 value=756405 hex=000b8ab5
C2_OUTPUT f=14 r=11 c=9 value=0 hex=00000000
C2_OUTPUT f=15 r=11 c=9 value=166304 hex=000289a0
C2_OUTPUT f=0 r=11 c=10 value=7314 hex=00001c92
C2_OUTPUT f=1 r=11 c=10 value=6444 hex=0000192c
C2_OUTPUT f=2 r=11 c=10 value=0 hex=00000000
C2_OUTPUT f=3 r=11 c=10 value=2018 hex=000007e2
C2_OUTPUT f=4 r=11 c=10 value=3840 hex=00000f00
C2_OUTPUT f=5 r=11 c=10 value=0 hex=00000000
C2_OUTPUT f=6 r=11 c=10 value=0 hex=00000000
C2_OUTPUT f=7 r=11 c=10 value=1988 hex=000007c4
C2_OUTPUT f=8 r=11 c=10 value=2122 hex=0000084a
C2_OUTPUT f=9 r=11 c=10 value=0 hex=00000000
C2_OUTPUT f=10 r=11 c=10 value=0 hex=00000000
C2_OUTPUT f=11 r=11 c=10 value=1770 hex=000006ea
C2_OUTPUT f=12 r=11 c=10 value=12887 hex=00003257
C2_OUTPUT f=13 r=11 c=10 value=10359 hex=00002877
C2_OUTPUT f=14 r=11 c=10 value=6092 hex=000017cc
C2_OUTPUT f=15 r=11 c=10 value=2935 hex=00000b77
C2_OUTPUT f=0 r=11 c=11 value=7314 hex=00001c92
C2_OUTPUT f=1 r=11 c=11 value=6444 hex=0000192c
C2_OUTPUT f=2 r=11 c=11 value=0 hex=00000000
C2_OUTPUT f=3 r=11 c=11 value=2018 hex=000007e2
C2_OUTPUT f=4 r=11 c=11 value=3840 hex=00000f00
C2_OUTPUT f=5 r=11 c=11 value=0 hex=00000000
C2_OUTPUT f=6 r=11 c=11 value=0 hex=00000000
C2_OUTPUT f=7 r=11 c=11 value=1988 hex=000007c4
C2_OUTPUT f=8 r=11 c=11 value=2122 hex=0000084a
C2_OUTPUT f=9 r=11 c=11 value=0 hex=00000000
C2_OUTPUT f=10 r=11 c=11 value=0 hex=00000000
C2_OUTPUT f=11 r=11 c=11 value=1770 hex=000006ea
C2_OUTPUT f=12 r=11 c=11 value=12887 hex=00003257
C2_OUTPUT f=13 r=11 c=11 value=10359 hex=00002877
C2_OUTPUT f=14 r=11 c=11 value=6092 hex=000017cc
C2_OUTPUT f=15 r=11 c=11 value=2935 hex=00000b77
C2_OUTPUT f=0 r=11 c=12 value=0 hex=00000000
C2_OUTPUT f=1 r=11 c=12 value=90385 hex=00016111
C2_OUTPUT f=2 r=11 c=12 value=0 hex=00000000
C2_OUTPUT f=3 r=11 c=12 value=0 hex=00000000
C2_OUTPUT f=4 r=11 c=12 value=305218 hex=0004a842
C2_OUTPUT f=5 r=11 c=12 value=0 hex=00000000
C2_OUTPUT f=6 r=11 c=12 value=632654 hex=0009a74e
C2_OUTPUT f=7 r=11 c=12 value=384603 hex=0005de5b
C2_OUTPUT f=8 r=11 c=12 value=19808 hex=00004d60
C2_OUTPUT f=9 r=11 c=12 value=61302 hex=0000ef76
C2_OUTPUT f=10 r=11 c=12 value=103236 hex=00019344
C2_OUTPUT f=11 r=11 c=12 value=0 hex=00000000
C2_OUTPUT f=12 r=11 c=12 value=0 hex=00000000
C2_OUTPUT f=13 r=11 c=12 value=0 hex=00000000
C2_OUTPUT f=14 r=11 c=12 value=125947 hex=0001ebfb
C2_OUTPUT f=15 r=11 c=12 value=0 hex=00000000
C2_OUTPUT f=0 r=11 c=13 value=0 hex=00000000
C2_OUTPUT f=1 r=11 c=13 value=382588 hex=0005d67c
C2_OUTPUT f=2 r=11 c=13 value=0 hex=00000000
C2_OUTPUT f=3 r=11 c=13 value=0 hex=00000000
C2_OUTPUT f=4 r=11 c=13 value=108707 hex=0001a8a3
C2_OUTPUT f=5 r=11 c=13 value=303663 hex=0004a22f
C2_OUTPUT f=6 r=11 c=13 value=735476 hex=000b38f4
C2_OUTPUT f=7 r=11 c=13 value=385087 hex=0005e03f
C2_OUTPUT f=8 r=11 c=13 value=0 hex=00000000
C2_OUTPUT f=9 r=11 c=13 value=16277 hex=00003f95
C2_OUTPUT f=10 r=11 c=13 value=0 hex=00000000
C2_OUTPUT f=11 r=11 c=13 value=0 hex=00000000
C2_OUTPUT f=12 r=11 c=13 value=0 hex=00000000
C2_OUTPUT f=13 r=11 c=13 value=0 hex=00000000
C2_OUTPUT f=14 r=11 c=13 value=0 hex=00000000
C2_OUTPUT f=15 r=11 c=13 value=556587 hex=00087e2b
C2_OUTPUT f=0 r=12 c=0 value=17619 hex=000044d3
C2_OUTPUT f=1 r=12 c=0 value=29440 hex=00007300
C2_OUTPUT f=2 r=12 c=0 value=0 hex=00000000
C2_OUTPUT f=3 r=12 c=0 value=0 hex=00000000
C2_OUTPUT f=4 r=12 c=0 value=32357 hex=00007e65
C2_OUTPUT f=5 r=12 c=0 value=0 hex=00000000
C2_OUTPUT f=6 r=12 c=0 value=28861 hex=000070bd
C2_OUTPUT f=7 r=12 c=0 value=34678 hex=00008776
C2_OUTPUT f=8 r=12 c=0 value=84044 hex=0001484c
C2_OUTPUT f=9 r=12 c=0 value=11501 hex=00002ced
C2_OUTPUT f=10 r=12 c=0 value=0 hex=00000000
C2_OUTPUT f=11 r=12 c=0 value=0 hex=00000000
C2_OUTPUT f=12 r=12 c=0 value=85705 hex=00014ec9
C2_OUTPUT f=13 r=12 c=0 value=16977 hex=00004251
C2_OUTPUT f=14 r=12 c=0 value=70552 hex=00011398
C2_OUTPUT f=15 r=12 c=0 value=7445 hex=00001d15
C2_OUTPUT f=0 r=12 c=1 value=0 hex=00000000
C2_OUTPUT f=1 r=12 c=1 value=41331 hex=0000a173
C2_OUTPUT f=2 r=12 c=1 value=0 hex=00000000
C2_OUTPUT f=3 r=12 c=1 value=0 hex=00000000
C2_OUTPUT f=4 r=12 c=1 value=87086 hex=0001542e
C2_OUTPUT f=5 r=12 c=1 value=0 hex=00000000
C2_OUTPUT f=6 r=12 c=1 value=0 hex=00000000
C2_OUTPUT f=7 r=12 c=1 value=88606 hex=00015a1e
C2_OUTPUT f=8 r=12 c=1 value=124461 hex=0001e62d
C2_OUTPUT f=9 r=12 c=1 value=760 hex=000002f8
C2_OUTPUT f=10 r=12 c=1 value=0 hex=00000000
C2_OUTPUT f=11 r=12 c=1 value=0 hex=00000000
C2_OUTPUT f=12 r=12 c=1 value=131760 hex=000202b0
C2_OUTPUT f=13 r=12 c=1 value=0 hex=00000000
C2_OUTPUT f=14 r=12 c=1 value=93148 hex=00016bdc
C2_OUTPUT f=15 r=12 c=1 value=0 hex=00000000
C2_OUTPUT f=0 r=12 c=2 value=0 hex=00000000
C2_OUTPUT f=1 r=12 c=2 value=40514 hex=00009e42
C2_OUTPUT f=2 r=12 c=2 value=0 hex=00000000
C2_OUTPUT f=3 r=12 c=2 value=0 hex=00000000
C2_OUTPUT f=4 r=12 c=2 value=86383 hex=0001516f
C2_OUTPUT f=5 r=12 c=2 value=0 hex=00000000
C2_OUTPUT f=6 r=12 c=2 value=0 hex=00000000
C2_OUTPUT f=7 r=12 c=2 value=87998 hex=000157be
C2_OUTPUT f=8 r=12 c=2 value=124613 hex=0001e6c5
C2_OUTPUT f=9 r=12 c=2 value=532 hex=00000214
C2_OUTPUT f=10 r=12 c=2 value=0 hex=00000000
C2_OUTPUT f=11 r=12 c=2 value=0 hex=00000000
C2_OUTPUT f=12 r=12 c=2 value=130943 hex=0001ff7f
C2_OUTPUT f=13 r=12 c=2 value=0 hex=00000000
C2_OUTPUT f=14 r=12 c=2 value=92255 hex=0001685f
C2_OUTPUT f=15 r=12 c=2 value=0 hex=00000000
C2_OUTPUT f=0 r=12 c=3 value=0 hex=00000000
C2_OUTPUT f=1 r=12 c=3 value=39967 hex=00009c1f
C2_OUTPUT f=2 r=12 c=3 value=0 hex=00000000
C2_OUTPUT f=3 r=12 c=3 value=0 hex=00000000
C2_OUTPUT f=4 r=12 c=3 value=740029 hex=000b4abd
C2_OUTPUT f=5 r=12 c=3 value=0 hex=00000000
C2_OUTPUT f=6 r=12 c=3 value=1391965 hex=00153d5d
C2_OUTPUT f=7 r=12 c=3 value=748908 hex=000b6d6c
C2_OUTPUT f=8 r=12 c=3 value=896378 hex=000dad7a
C2_OUTPUT f=9 r=12 c=3 value=189956 hex=0002e604
C2_OUTPUT f=10 r=12 c=3 value=63235 hex=0000f703
C2_OUTPUT f=11 r=12 c=3 value=0 hex=00000000
C2_OUTPUT f=12 r=12 c=3 value=0 hex=00000000
C2_OUTPUT f=13 r=12 c=3 value=0 hex=00000000
C2_OUTPUT f=14 r=12 c=3 value=1046812 hex=000ff91c
C2_OUTPUT f=15 r=12 c=3 value=196201 hex=0002fe69
C2_OUTPUT f=0 r=12 c=4 value=0 hex=00000000
C2_OUTPUT f=1 r=12 c=4 value=1595838 hex=001859be
C2_OUTPUT f=2 r=12 c=4 value=0 hex=00000000
C2_OUTPUT f=3 r=12 c=4 value=0 hex=00000000
C2_OUTPUT f=4 r=12 c=4 value=1435173 hex=0015e625
C2_OUTPUT f=5 r=12 c=4 value=0 hex=00000000
C2_OUTPUT f=6 r=12 c=4 value=12466564 hex=00be3984
C2_OUTPUT f=7 r=12 c=4 value=4794864 hex=004929f0
C2_OUTPUT f=8 r=12 c=4 value=2903554 hex=002c4e02
C2_OUTPUT f=9 r=12 c=4 value=0 hex=00000000
C2_OUTPUT f=10 r=12 c=4 value=0 hex=00000000
C2_OUTPUT f=11 r=12 c=4 value=0 hex=00000000
C2_OUTPUT f=12 r=12 c=4 value=0 hex=00000000
C2_OUTPUT f=13 r=12 c=4 value=0 hex=00000000
C2_OUTPUT f=14 r=12 c=4 value=3677054 hex=00381b7e
C2_OUTPUT f=15 r=12 c=4 value=1481899 hex=00169cab
C2_OUTPUT f=0 r=12 c=5 value=0 hex=00000000
C2_OUTPUT f=1 r=12 c=5 value=6836722 hex=006851f2
C2_OUTPUT f=2 r=12 c=5 value=0 hex=00000000
C2_OUTPUT f=3 r=12 c=5 value=0 hex=00000000
C2_OUTPUT f=4 r=12 c=5 value=2269110 hex=00229fb6
C2_OUTPUT f=5 r=12 c=5 value=0 hex=00000000
C2_OUTPUT f=6 r=12 c=5 value=11780051 hex=00b3bfd3
C2_OUTPUT f=7 r=12 c=5 value=9018286 hex=00899bae
C2_OUTPUT f=8 r=12 c=5 value=0 hex=00000000
C2_OUTPUT f=9 r=12 c=5 value=0 hex=00000000
C2_OUTPUT f=10 r=12 c=5 value=0 hex=00000000
C2_OUTPUT f=11 r=12 c=5 value=0 hex=00000000
C2_OUTPUT f=12 r=12 c=5 value=0 hex=00000000
C2_OUTPUT f=13 r=12 c=5 value=422781 hex=0006737d
C2_OUTPUT f=14 r=12 c=5 value=4019926 hex=003d56d6
C2_OUTPUT f=15 r=12 c=5 value=5812950 hex=0058b2d6
C2_OUTPUT f=0 r=12 c=6 value=0 hex=00000000
C2_OUTPUT f=1 r=12 c=6 value=8329265 hex=007f1831
C2_OUTPUT f=2 r=12 c=6 value=0 hex=00000000
C2_OUTPUT f=3 r=12 c=6 value=0 hex=00000000
C2_OUTPUT f=4 r=12 c=6 value=3963744 hex=003c7b60
C2_OUTPUT f=5 r=12 c=6 value=6360844 hex=00610f0c
C2_OUTPUT f=6 r=12 c=6 value=0 hex=00000000
C2_OUTPUT f=7 r=12 c=6 value=4447080 hex=0043db68
C2_OUTPUT f=8 r=12 c=6 value=0 hex=00000000
C2_OUTPUT f=9 r=12 c=6 value=8624253 hex=0083987d
C2_OUTPUT f=10 r=12 c=6 value=10193440 hex=009b8a20
C2_OUTPUT f=11 r=12 c=6 value=9327068 hex=008e51dc
C2_OUTPUT f=12 r=12 c=6 value=0 hex=00000000
C2_OUTPUT f=13 r=12 c=6 value=1645364 hex=00191b34
C2_OUTPUT f=14 r=12 c=6 value=2534971 hex=0026ae3b
C2_OUTPUT f=15 r=12 c=6 value=1889332 hex=001cd434
C2_OUTPUT f=0 r=12 c=7 value=0 hex=00000000
C2_OUTPUT f=1 r=12 c=7 value=2957414 hex=002d2066
C2_OUTPUT f=2 r=12 c=7 value=0 hex=00000000
C2_OUTPUT f=3 r=12 c=7 value=638984 hex=0009c008
C2_OUTPUT f=4 r=12 c=7 value=0 hex=00000000
C2_OUTPUT f=5 r=12 c=7 value=0 hex=00000000
C2_OUTPUT f=6 r=12 c=7 value=0 hex=00000000
C2_OUTPUT f=7 r=12 c=7 value=0 hex=00000000
C2_OUTPUT f=8 r=12 c=7 value=0 hex=00000000
C2_OUTPUT f=9 r=12 c=7 value=6472023 hex=0062c157
C2_OUTPUT f=10 r=12 c=7 value=16445072 hex=00faee90
C2_OUTPUT f=11 r=12 c=7 value=5547098 hex=0054a45a
C2_OUTPUT f=12 r=12 c=7 value=0 hex=00000000
C2_OUTPUT f=13 r=12 c=7 value=2500188 hex=0026265c
C2_OUTPUT f=14 r=12 c=7 value=0 hex=00000000
C2_OUTPUT f=15 r=12 c=7 value=150987 hex=00024dcb
C2_OUTPUT f=0 r=12 c=8 value=0 hex=00000000
C2_OUTPUT f=1 r=12 c=8 value=0 hex=00000000
C2_OUTPUT f=2 r=12 c=8 value=0 hex=00000000
C2_OUTPUT f=3 r=12 c=8 value=1282679 hex=00139277
C2_OUTPUT f=4 r=12 c=8 value=0 hex=00000000
C2_OUTPUT f=5 r=12 c=8 value=0 hex=00000000
C2_OUTPUT f=6 r=12 c=8 value=0 hex=00000000
C2_OUTPUT f=7 r=12 c=8 value=640711 hex=0009c6c7
C2_OUTPUT f=8 r=12 c=8 value=0 hex=00000000
C2_OUTPUT f=9 r=12 c=8 value=116080 hex=0001c570
C2_OUTPUT f=10 r=12 c=8 value=2854987 hex=002b904b
C2_OUTPUT f=11 r=12 c=8 value=689538 hex=000a8582
C2_OUTPUT f=12 r=12 c=8 value=0 hex=00000000
C2_OUTPUT f=13 r=12 c=8 value=1496238 hex=0016d4ae
C2_OUTPUT f=14 r=12 c=8 value=0 hex=00000000
C2_OUTPUT f=15 r=12 c=8 value=0 hex=00000000
C2_OUTPUT f=0 r=12 c=9 value=0 hex=00000000
C2_OUTPUT f=1 r=12 c=9 value=30978 hex=00007902
C2_OUTPUT f=2 r=12 c=9 value=0 hex=00000000
C2_OUTPUT f=3 r=12 c=9 value=0 hex=00000000
C2_OUTPUT f=4 r=12 c=9 value=104263 hex=00019747
C2_OUTPUT f=5 r=12 c=9 value=0 hex=00000000
C2_OUTPUT f=6 r=12 c=9 value=0 hex=00000000
C2_OUTPUT f=7 r=12 c=9 value=90382 hex=0001610e
C2_OUTPUT f=8 r=12 c=9 value=134149 hex=00020c05
C2_OUTPUT f=9 r=12 c=9 value=8280 hex=00002058
C2_OUTPUT f=10 r=12 c=9 value=0 hex=00000000
C2_OUTPUT f=11 r=12 c=9 value=0 hex=00000000
C2_OUTPUT f=12 r=12 c=9 value=148227 hex=00024303
C2_OUTPUT f=13 r=12 c=9 value=0 hex=00000000
C2_OUTPUT f=14 r=12 c=9 value=78547 hex=000132d3
C2_OUTPUT f=15 r=12 c=9 value=0 hex=00000000
C2_OUTPUT f=0 r=12 c=10 value=0 hex=00000000
C2_OUTPUT f=1 r=12 c=10 value=40514 hex=00009e42
C2_OUTPUT f=2 r=12 c=10 value=0 hex=00000000
C2_OUTPUT f=3 r=12 c=10 value=0 hex=00000000
C2_OUTPUT f=4 r=12 c=10 value=86383 hex=0001516f
C2_OUTPUT f=5 r=12 c=10 value=0 hex=00000000
C2_OUTPUT f=6 r=12 c=10 value=0 hex=00000000
C2_OUTPUT f=7 r=12 c=10 value=87998 hex=000157be
C2_OUTPUT f=8 r=12 c=10 value=124613 hex=0001e6c5
C2_OUTPUT f=9 r=12 c=10 value=532 hex=00000214
C2_OUTPUT f=10 r=12 c=10 value=0 hex=00000000
C2_OUTPUT f=11 r=12 c=10 value=0 hex=00000000
C2_OUTPUT f=12 r=12 c=10 value=130943 hex=0001ff7f
C2_OUTPUT f=13 r=12 c=10 value=0 hex=00000000
C2_OUTPUT f=14 r=12 c=10 value=92255 hex=0001685f
C2_OUTPUT f=15 r=12 c=10 value=0 hex=00000000
C2_OUTPUT f=0 r=12 c=11 value=0 hex=00000000
C2_OUTPUT f=1 r=12 c=11 value=40514 hex=00009e42
C2_OUTPUT f=2 r=12 c=11 value=0 hex=00000000
C2_OUTPUT f=3 r=12 c=11 value=0 hex=00000000
C2_OUTPUT f=4 r=12 c=11 value=86383 hex=0001516f
C2_OUTPUT f=5 r=12 c=11 value=0 hex=00000000
C2_OUTPUT f=6 r=12 c=11 value=0 hex=00000000
C2_OUTPUT f=7 r=12 c=11 value=87998 hex=000157be
C2_OUTPUT f=8 r=12 c=11 value=124613 hex=0001e6c5
C2_OUTPUT f=9 r=12 c=11 value=532 hex=00000214
C2_OUTPUT f=10 r=12 c=11 value=0 hex=00000000
C2_OUTPUT f=11 r=12 c=11 value=0 hex=00000000
C2_OUTPUT f=12 r=12 c=11 value=130943 hex=0001ff7f
C2_OUTPUT f=13 r=12 c=11 value=0 hex=00000000
C2_OUTPUT f=14 r=12 c=11 value=92255 hex=0001685f
C2_OUTPUT f=15 r=12 c=11 value=0 hex=00000000
C2_OUTPUT f=0 r=12 c=12 value=0 hex=00000000
C2_OUTPUT f=1 r=12 c=12 value=133027 hex=000207a3
C2_OUTPUT f=2 r=12 c=12 value=0 hex=00000000
C2_OUTPUT f=3 r=12 c=12 value=0 hex=00000000
C2_OUTPUT f=4 r=12 c=12 value=353112 hex=00056358
C2_OUTPUT f=5 r=12 c=12 value=0 hex=00000000
C2_OUTPUT f=6 r=12 c=12 value=596215 hex=000918f7
C2_OUTPUT f=7 r=12 c=12 value=453386 hex=0006eb0a
C2_OUTPUT f=8 r=12 c=12 value=147473 hex=00024011
C2_OUTPUT f=9 r=12 c=12 value=89943 hex=00015f57
C2_OUTPUT f=10 r=12 c=12 value=0 hex=00000000
C2_OUTPUT f=11 r=12 c=12 value=0 hex=00000000
C2_OUTPUT f=12 r=12 c=12 value=0 hex=00000000
C2_OUTPUT f=13 r=12 c=12 value=0 hex=00000000
C2_OUTPUT f=14 r=12 c=12 value=201515 hex=0003132b
C2_OUTPUT f=15 r=12 c=12 value=0 hex=00000000
C2_OUTPUT f=0 r=12 c=13 value=0 hex=00000000
C2_OUTPUT f=1 r=12 c=13 value=385340 hex=0005e13c
C2_OUTPUT f=2 r=12 c=13 value=0 hex=00000000
C2_OUTPUT f=3 r=12 c=13 value=0 hex=00000000
C2_OUTPUT f=4 r=12 c=13 value=206403 hex=00032643
C2_OUTPUT f=5 r=12 c=13 value=285374 hex=00045abe
C2_OUTPUT f=6 r=12 c=13 value=706083 hex=000ac623
C2_OUTPUT f=7 r=12 c=13 value=506607 hex=0007baef
C2_OUTPUT f=8 r=12 c=13 value=7655 hex=00001de7
C2_OUTPUT f=9 r=12 c=13 value=0 hex=00000000
C2_OUTPUT f=10 r=12 c=13 value=0 hex=00000000
C2_OUTPUT f=11 r=12 c=13 value=0 hex=00000000
C2_OUTPUT f=12 r=12 c=13 value=0 hex=00000000
C2_OUTPUT f=13 r=12 c=13 value=0 hex=00000000
C2_OUTPUT f=14 r=12 c=13 value=0 hex=00000000
C2_OUTPUT f=15 r=12 c=13 value=484144 hex=00076330
C2_OUTPUT f=0 r=13 c=0 value=28694 hex=00007016
C2_OUTPUT f=1 r=13 c=0 value=57896 hex=0000e228
C2_OUTPUT f=2 r=13 c=0 value=0 hex=00000000
C2_OUTPUT f=3 r=13 c=0 value=31826 hex=00007c52
C2_OUTPUT f=4 r=13 c=0 value=0 hex=00000000
C2_OUTPUT f=5 r=13 c=0 value=0 hex=00000000
C2_OUTPUT f=6 r=13 c=0 value=45747 hex=0000b2b3
C2_OUTPUT f=7 r=13 c=0 value=55408 hex=0000d870
C2_OUTPUT f=8 r=13 c=0 value=46763 hex=0000b6ab
C2_OUTPUT f=9 r=13 c=0 value=23833 hex=00005d19
C2_OUTPUT f=10 r=13 c=0 value=0 hex=00000000
C2_OUTPUT f=11 r=13 c=0 value=0 hex=00000000
C2_OUTPUT f=12 r=13 c=0 value=0 hex=00000000
C2_OUTPUT f=13 r=13 c=0 value=33323 hex=0000822b
C2_OUTPUT f=14 r=13 c=0 value=49509 hex=0000c165
C2_OUTPUT f=15 r=13 c=0 value=0 hex=00000000
C2_OUTPUT f=0 r=13 c=1 value=54215 hex=0000d3c7
C2_OUTPUT f=1 r=13 c=1 value=66414 hex=0001036e
C2_OUTPUT f=2 r=13 c=1 value=0 hex=00000000
C2_OUTPUT f=3 r=13 c=1 value=0 hex=00000000
C2_OUTPUT f=4 r=13 c=1 value=11488 hex=00002ce0
C2_OUTPUT f=5 r=13 c=1 value=0 hex=00000000
C2_OUTPUT f=6 r=13 c=1 value=0 hex=00000000
C2_OUTPUT f=7 r=13 c=1 value=56747 hex=0000ddab
C2_OUTPUT f=8 r=13 c=1 value=35797 hex=00008bd5
C2_OUTPUT f=9 r=13 c=1 value=49279 hex=0000c07f
C2_OUTPUT f=10 r=13 c=1 value=0 hex=00000000
C2_OUTPUT f=11 r=13 c=1 value=24019 hex=00005dd3
C2_OUTPUT f=12 r=13 c=1 value=2711 hex=00000a97
C2_OUTPUT f=13 r=13 c=1 value=1683 hex=00000693
C2_OUTPUT f=14 r=13 c=1 value=47989 hex=0000bb75
C2_OUTPUT f=15 r=13 c=1 value=0 hex=00000000
C2_OUTPUT f=0 r=13 c=2 value=53493 hex=0000d0f5
C2_OUTPUT f=1 r=13 c=2 value=65787 hex=000100fb
C2_OUTPUT f=2 r=13 c=2 value=0 hex=00000000
C2_OUTPUT f=3 r=13 c=2 value=0 hex=00000000
C2_OUTPUT f=4 r=13 c=2 value=10785 hex=00002a21
C2_OUTPUT f=5 r=13 c=2 value=0 hex=00000000
C2_OUTPUT f=6 r=13 c=2 value=0 hex=00000000
C2_OUTPUT f=7 r=13 c=2 value=56310 hex=0000dbf6
C2_OUTPUT f=8 r=13 c=2 value=35436 hex=00008a6c
C2_OUTPUT f=9 r=13 c=2 value=49241 hex=0000c059
C2_OUTPUT f=10 r=13 c=2 value=0 hex=00000000
C2_OUTPUT f=11 r=13 c=2 value=23639 hex=00005c57
C2_OUTPUT f=12 r=13 c=2 value=1495 hex=000005d7
C2_OUTPUT f=13 r=13 c=2 value=1037 hex=0000040d
C2_OUTPUT f=14 r=13 c=2 value=48388 hex=0000bd04
C2_OUTPUT f=15 r=13 c=2 value=0 hex=00000000
C2_OUTPUT f=0 r=13 c=3 value=0 hex=00000000
C2_OUTPUT f=1 r=13 c=3 value=668924 hex=000a34fc
C2_OUTPUT f=2 r=13 c=3 value=0 hex=00000000
C2_OUTPUT f=3 r=13 c=3 value=198794 hex=0003088a
C2_OUTPUT f=4 r=13 c=3 value=0 hex=00000000
C2_OUTPUT f=5 r=13 c=3 value=0 hex=00000000
C2_OUTPUT f=6 r=13 c=3 value=1465881 hex=00165e19
C2_OUTPUT f=7 r=13 c=3 value=950030 hex=000e7f0e
C2_OUTPUT f=8 r=13 c=3 value=371979 hex=0005ad0b
C2_OUTPUT f=9 r=13 c=3 value=98026 hex=00017eea
C2_OUTPUT f=10 r=13 c=3 value=0 hex=00000000
C2_OUTPUT f=11 r=13 c=3 value=0 hex=00000000
C2_OUTPUT f=12 r=13 c=3 value=0 hex=00000000
C2_OUTPUT f=13 r=13 c=3 value=0 hex=00000000
C2_OUTPUT f=14 r=13 c=3 value=49008 hex=0000bf70
C2_OUTPUT f=15 r=13 c=3 value=0 hex=00000000
C2_OUTPUT f=0 r=13 c=4 value=0 hex=00000000
C2_OUTPUT f=1 r=13 c=4 value=2557562 hex=0027067a
C2_OUTPUT f=2 r=13 c=4 value=0 hex=00000000
C2_OUTPUT f=3 r=13 c=4 value=4149393 hex=003f5091
C2_OUTPUT f=4 r=13 c=4 value=622985 hex=00098189
C2_OUTPUT f=5 r=13 c=4 value=0 hex=00000000
C2_OUTPUT f=6 r=13 c=4 value=8327963 hex=007f131b
C2_OUTPUT f=7 r=13 c=4 value=3701125 hex=00387985
C2_OUTPUT f=8 r=13 c=4 value=0 hex=00000000
C2_OUTPUT f=9 r=13 c=4 value=0 hex=00000000
C2_OUTPUT f=10 r=13 c=4 value=0 hex=00000000
C2_OUTPUT f=11 r=13 c=4 value=0 hex=00000000
C2_OUTPUT f=12 r=13 c=4 value=0 hex=00000000
C2_OUTPUT f=13 r=13 c=4 value=0 hex=00000000
C2_OUTPUT f=14 r=13 c=4 value=1204824 hex=00126258
C2_OUTPUT f=15 r=13 c=4 value=0 hex=00000000
C2_OUTPUT f=0 r=13 c=5 value=0 hex=00000000
C2_OUTPUT f=1 r=13 c=5 value=4779433 hex=0048eda9
C2_OUTPUT f=2 r=13 c=5 value=0 hex=00000000
C2_OUTPUT f=3 r=13 c=5 value=10965663 hex=00a7529f
C2_OUTPUT f=4 r=13 c=5 value=3061772 hex=002eb80c
C2_OUTPUT f=5 r=13 c=5 value=0 hex=00000000
C2_OUTPUT f=6 r=13 c=5 value=2436886 hex=00252f16
C2_OUTPUT f=7 r=13 c=5 value=3661226 hex=0037ddaa
C2_OUTPUT f=8 r=13 c=5 value=0 hex=00000000
C2_OUTPUT f=9 r=13 c=5 value=0 hex=00000000
C2_OUTPUT f=10 r=13 c=5 value=0 hex=00000000
C2_OUTPUT f=11 r=13 c=5 value=5675239 hex=005698e7
C2_OUTPUT f=12 r=13 c=5 value=0 hex=00000000
C2_OUTPUT f=13 r=13 c=5 value=0 hex=00000000
C2_OUTPUT f=14 r=13 c=5 value=1041675 hex=000fe50b
C2_OUTPUT f=15 r=13 c=5 value=5905702 hex=005a1d26
C2_OUTPUT f=0 r=13 c=6 value=0 hex=00000000
C2_OUTPUT f=1 r=13 c=6 value=2687631 hex=0029028f
C2_OUTPUT f=2 r=13 c=6 value=0 hex=00000000
C2_OUTPUT f=3 r=13 c=6 value=13537734 hex=00ce91c6
C2_OUTPUT f=4 r=13 c=6 value=918888 hex=000e0568
C2_OUTPUT f=5 r=13 c=6 value=5856803 hex=00595e23
C2_OUTPUT f=6 r=13 c=6 value=0 hex=00000000
C2_OUTPUT f=7 r=13 c=6 value=48918 hex=0000bf16
C2_OUTPUT f=8 r=13 c=6 value=0 hex=00000000
C2_OUTPUT f=9 r=13 c=6 value=6134410 hex=005d9a8a
C2_OUTPUT f=10 r=13 c=6 value=12574261 hex=00bfde35
C2_OUTPUT f=11 r=13 c=6 value=7129376 hex=006cc920
C2_OUTPUT f=12 r=13 c=6 value=0 hex=00000000
C2_OUTPUT f=13 r=13 c=6 value=895845 hex=000dab65
C2_OUTPUT f=14 r=13 c=6 value=0 hex=00000000
C2_OUTPUT f=15 r=13 c=6 value=6205748 hex=005eb134
C2_OUTPUT f=0 r=13 c=7 value=0 hex=00000000
C2_OUTPUT f=1 r=13 c=7 value=363797 hex=00058d15
C2_OUTPUT f=2 r=13 c=7 value=0 hex=00000000
C2_OUTPUT f=3 r=13 c=7 value=7613040 hex=00742a70
C2_OUTPUT f=4 r=13 c=7 value=0 hex=00000000
C2_OUTPUT f=5 r=13 c=7 value=574706 hex=0008c4f2
C2_OUTPUT f=6 r=13 c=7 value=0 hex=00000000
C2_OUTPUT f=7 r=13 c=7 value=230379 hex=000383eb
C2_OUTPUT f=8 r=13 c=7 value=1645374 hex=00191b3e
C2_OUTPUT f=9 r=13 c=7 value=2230855 hex=00220a47
C2_OUTPUT f=10 r=13 c=7 value=7113634 hex=006c8ba2
C2_OUTPUT f=11 r=13 c=7 value=2846907 hex=002b70bb
C2_OUTPUT f=12 r=13 c=7 value=201502 hex=0003131e
C2_OUTPUT f=13 r=13 c=7 value=3643489 hex=00379861
C2_OUTPUT f=14 r=13 c=7 value=0 hex=00000000
C2_OUTPUT f=15 r=13 c=7 value=2491925 hex=00260615
C2_OUTPUT f=0 r=13 c=8 value=0 hex=00000000
C2_OUTPUT f=1 r=13 c=8 value=0 hex=00000000
C2_OUTPUT f=2 r=13 c=8 value=0 hex=00000000
C2_OUTPUT f=3 r=13 c=8 value=1828825 hex=001be7d9
C2_OUTPUT f=4 r=13 c=8 value=0 hex=00000000
C2_OUTPUT f=5 r=13 c=8 value=0 hex=00000000
C2_OUTPUT f=6 r=13 c=8 value=0 hex=00000000
C2_OUTPUT f=7 r=13 c=8 value=950642 hex=000e8172
C2_OUTPUT f=8 r=13 c=8 value=822460 hex=000c8cbc
C2_OUTPUT f=9 r=13 c=8 value=314641 hex=0004cd11
C2_OUTPUT f=10 r=13 c=8 value=571102 hex=0008b6de
C2_OUTPUT f=11 r=13 c=8 value=0 hex=00000000
C2_OUTPUT f=12 r=13 c=8 value=474118 hex=00073c06
C2_OUTPUT f=13 r=13 c=8 value=1012381 hex=000f729d
C2_OUTPUT f=14 r=13 c=8 value=0 hex=00000000
C2_OUTPUT f=15 r=13 c=8 value=86848 hex=00015340
C2_OUTPUT f=0 r=13 c=9 value=53493 hex=0000d0f5
C2_OUTPUT f=1 r=13 c=9 value=65787 hex=000100fb
C2_OUTPUT f=2 r=13 c=9 value=0 hex=00000000
C2_OUTPUT f=3 r=13 c=9 value=0 hex=00000000
C2_OUTPUT f=4 r=13 c=9 value=10785 hex=00002a21
C2_OUTPUT f=5 r=13 c=9 value=0 hex=00000000
C2_OUTPUT f=6 r=13 c=9 value=0 hex=00000000
C2_OUTPUT f=7 r=13 c=9 value=56310 hex=0000dbf6
C2_OUTPUT f=8 r=13 c=9 value=35436 hex=00008a6c
C2_OUTPUT f=9 r=13 c=9 value=49241 hex=0000c059
C2_OUTPUT f=10 r=13 c=9 value=0 hex=00000000
C2_OUTPUT f=11 r=13 c=9 value=23639 hex=00005c57
C2_OUTPUT f=12 r=13 c=9 value=1495 hex=000005d7
C2_OUTPUT f=13 r=13 c=9 value=1037 hex=0000040d
C2_OUTPUT f=14 r=13 c=9 value=48388 hex=0000bd04
C2_OUTPUT f=15 r=13 c=9 value=0 hex=00000000
C2_OUTPUT f=0 r=13 c=10 value=53493 hex=0000d0f5
C2_OUTPUT f=1 r=13 c=10 value=65787 hex=000100fb
C2_OUTPUT f=2 r=13 c=10 value=0 hex=00000000
C2_OUTPUT f=3 r=13 c=10 value=0 hex=00000000
C2_OUTPUT f=4 r=13 c=10 value=10785 hex=00002a21
C2_OUTPUT f=5 r=13 c=10 value=0 hex=00000000
C2_OUTPUT f=6 r=13 c=10 value=0 hex=00000000
C2_OUTPUT f=7 r=13 c=10 value=56310 hex=0000dbf6
C2_OUTPUT f=8 r=13 c=10 value=35436 hex=00008a6c
C2_OUTPUT f=9 r=13 c=10 value=49241 hex=0000c059
C2_OUTPUT f=10 r=13 c=10 value=0 hex=00000000
C2_OUTPUT f=11 r=13 c=10 value=23639 hex=00005c57
C2_OUTPUT f=12 r=13 c=10 value=1495 hex=000005d7
C2_OUTPUT f=13 r=13 c=10 value=1037 hex=0000040d
C2_OUTPUT f=14 r=13 c=10 value=48388 hex=0000bd04
C2_OUTPUT f=15 r=13 c=10 value=0 hex=00000000
C2_OUTPUT f=0 r=13 c=11 value=53493 hex=0000d0f5
C2_OUTPUT f=1 r=13 c=11 value=65787 hex=000100fb
C2_OUTPUT f=2 r=13 c=11 value=0 hex=00000000
C2_OUTPUT f=3 r=13 c=11 value=0 hex=00000000
C2_OUTPUT f=4 r=13 c=11 value=10785 hex=00002a21
C2_OUTPUT f=5 r=13 c=11 value=0 hex=00000000
C2_OUTPUT f=6 r=13 c=11 value=0 hex=00000000
C2_OUTPUT f=7 r=13 c=11 value=56310 hex=0000dbf6
C2_OUTPUT f=8 r=13 c=11 value=35436 hex=00008a6c
C2_OUTPUT f=9 r=13 c=11 value=49241 hex=0000c059
C2_OUTPUT f=10 r=13 c=11 value=0 hex=00000000
C2_OUTPUT f=11 r=13 c=11 value=23639 hex=00005c57
C2_OUTPUT f=12 r=13 c=11 value=1495 hex=000005d7
C2_OUTPUT f=13 r=13 c=11 value=1037 hex=0000040d
C2_OUTPUT f=14 r=13 c=11 value=48388 hex=0000bd04
C2_OUTPUT f=15 r=13 c=11 value=0 hex=00000000
C2_OUTPUT f=0 r=13 c=12 value=0 hex=00000000
C2_OUTPUT f=1 r=13 c=12 value=212081 hex=00033c71
C2_OUTPUT f=2 r=13 c=12 value=0 hex=00000000
C2_OUTPUT f=3 r=13 c=12 value=0 hex=00000000
C2_OUTPUT f=4 r=13 c=12 value=0 hex=00000000
C2_OUTPUT f=5 r=13 c=12 value=0 hex=00000000
C2_OUTPUT f=6 r=13 c=12 value=386748 hex=0005e6bc
C2_OUTPUT f=7 r=13 c=12 value=268012 hex=000416ec
C2_OUTPUT f=8 r=13 c=12 value=148313 hex=00024359
C2_OUTPUT f=9 r=13 c=12 value=228101 hex=00037b05
C2_OUTPUT f=10 r=13 c=12 value=0 hex=00000000
C2_OUTPUT f=11 r=13 c=12 value=0 hex=00000000
C2_OUTPUT f=12 r=13 c=12 value=0 hex=00000000
C2_OUTPUT f=13 r=13 c=12 value=0 hex=00000000
C2_OUTPUT f=14 r=13 c=12 value=0 hex=00000000
C2_OUTPUT f=15 r=13 c=12 value=0 hex=00000000
C2_OUTPUT f=0 r=13 c=13 value=0 hex=00000000
C2_OUTPUT f=1 r=13 c=13 value=423449 hex=00067619
C2_OUTPUT f=2 r=13 c=13 value=0 hex=00000000
C2_OUTPUT f=3 r=13 c=13 value=0 hex=00000000
C2_OUTPUT f=4 r=13 c=13 value=139578 hex=0002213a
C2_OUTPUT f=5 r=13 c=13 value=34296 hex=000085f8
C2_OUTPUT f=6 r=13 c=13 value=481683 hex=00075993
C2_OUTPUT f=7 r=13 c=13 value=465477 hex=00071a45
C2_OUTPUT f=8 r=13 c=13 value=0 hex=00000000
C2_OUTPUT f=9 r=13 c=13 value=86962 hex=000153b2
C2_OUTPUT f=10 r=13 c=13 value=0 hex=00000000
C2_OUTPUT f=11 r=13 c=13 value=57425 hex=0000e051
C2_OUTPUT f=12 r=13 c=13 value=0 hex=00000000
C2_OUTPUT f=13 r=13 c=13 value=49344 hex=0000c0c0
C2_OUTPUT f=14 r=13 c=13 value=42906 hex=0000a79a
C2_OUTPUT f=15 r=13 c=13 value=267959 hex=000416b7
Inference complete.
Cycle count           = 634281
Predicted class       = 7
Expected class        = 7
T4_DETECTED           = 1
T4_DETECTION_CYCLE    = 149144
INFERENCE_START_CYCLE = 8
DETECTION_LATENCY     = 149136
LOCALIZATION_OUTPUT   = 2'b11

========================================
 PASS: CNN predicted digit 7 | T4 Detected | Localized to Interconnect/Data Path (2'b11)
========================================
tb/tb_cnn_small_core.v:80: $finish called at 12685730000 (1ps)
